Exp,Mouse,Line,Group,Inf1,Inf2,Protein,Dpi,[IFNg] serum,[IgE] serum,[IgG1] serum,[IgG2a] serum,[IL-4] serum,[IL-5] serum,[IL-10] serum,[IFNg] Ag MLN stim,[IFN] CD3 MLN stim,[IFN] Media MLN stim,[IL-5] Media MLN stim,[IL-5] Ag MLN stim,[IL-5] CD3 MLN stim,[IL-10] Media MLN stim,[IL-10] CD MLN stim,[IL-10] Ag MLN stim,[IL-17]Media MLN stim,[IL-17] CD MLN stim,[IL-17] Ag MLN stim,[GAPDH] QPCR Gut,[Arg1] QPCR Gut,[CD36] QPCR Gut,[Idlr] QPCR Gut,[iNOS] QPCR Gut,[PPARg1&2] QPCR Gut,[RELMa] QPCR Gut,[Arg1] QPCR Spleen,[CD36] QPCR Spleen,[GAPDH] QPCR Spleen,[Idlr] QPCR Spleen,[iNOS] QPCR spleen,[PPARg1&2] QPCR spleen,[RELMa] QPCR spleen,wean BW,BW1,BW2,BW3,BW4,BW5,BW6,BW7,BW8,BW9,BW10,BW11,BW12,BWd9,BWd21,FinalBW,ADWG,ADWG expt,ADWG expt diet,FI 1,FI 2,FI 3,FI 4,FI 5,FI 6,FI 7,FI 8,FI 9,FI 10,FI 11,ADFI,ADFI expt,spleen wt,gut wt,Spl_BW,Gut_BW,granulomas,colon contents,wet carcass wt,dry carcass wt,DMR ratio,Fat %,EIC,Adult Male,Adult Female,Juv Male,Juv Female,Total worms,tWB,PCF,Juv Per
SB-105,8,ROH,0_1,0,1,HP,21.000,0.000,0.063,"12,800.000",0.000,0.034,0.000,0.000,0.000,1.563,0.000,1.586,0.000,,0.000,0.947,0.000,0.000,0.077,0.000,0.256,0.005,0.011,2.870,0.019,0.007,0.013,0.251,0.005,0.324,0.413,0.190,0.286,0.006,16.290,21.570,25.320,29.250,32.480,32.580,35.840,40.290,42.010,42.210,46.570,48.190,50.360,,50.630,50.630,1.041,0.930,1.233,3.645,5.307,5.235,4.600,4.780,5.967,4.560,4.230,4.600,4.773,5.655,,,0.138,2.368,2.726,46.771,9.000,0.110,45.360,21.000,0.463,22.115,63.000,4.000,11.000,0.000,0.000,15.000,1.204,5.727,0.000
SB-105,9,ROH,1_1,1,1,HP,21.000,0.000,,"496,000.000",800.000,0.100,,0.000,0.568,1.670,1.436,3.974,1.213,,0.229,4.029,0.852,0.000,0.000,0.000,,,,,,,,,,,,,,,17.880,24.240,28.360,30.100,35.450,35.340,37.970,36.870,42.670,43.680,47.960,50.170,51.850,,53.440,53.440,1.078,1.015,1.289,4.570,5.473,5.505,5.703,4.728,3.240,6.300,5.287,4.928,5.727,4.743,,,0.221,2.721,4.135,50.917,39.000,0.170,46.940,22.200,0.473,23.243,0.000,0.000,0.000,0.000,0.000,0.000,0.000,*,*
SB-105,10,ROH,0_1,0,1,LP,9.000,0.000,0.064,"1,600.000",0.000,0.227,0.000,0.000,0.000,0.000,0.000,0.000,0.000,2.268,0.347,2.155,0.711,0.000,0.000,0.000,0.279,0.011,0.032,4.305,0.039,0.032,0.016,0.143,0.001,0.147,0.086,0.074,0.084,0.022,19.460,24.710,28.630,30.750,34.810,34.720,39.130,39.050,38.240,39.910,,,,39.640,,39.640,0.612,0.387,0.042,4.263,5.600,5.613,4.930,5.185,5.693,4.658,4.887,,,,5.095,4.858,0.110,2.300,2.775,58.022,0.000,0.250,35.360,13.500,0.382,12.942,0.000,1.000,2.000,0.000,0.000,3.000,0.602,0.000,0.000
SB-105,11,ROH,1_1,1,1,LP,9.000,0.000,,"124,000.000",400.000,0.056,0.000,0.000,0.000,0.000,0.000,0.000,0.672,3.119,0.000,2.748,0.172,0.000,0.000,0.000,0.403,0.279,0.111,0.493,0.059,0.037,0.064,0.144,0.001,0.107,0.077,0.073,0.060,0.090,16.710,22.170,28.130,31.040,34.400,34.650,38.630,38.250,35.610,34.930,,,,34.060,,34.060,0.526,0.131,-0.381,4.638,5.457,5.853,5.233,4.985,4.707,3.295,3.057,,,,4.493,3.187,0.090,1.750,2.642,51.380,31.000,0.180,31.440,11.800,0.375,12.211,0.000,0.000,0.000,0.000,0.000,0.000,0.000,*,*
SB-105,12,ROH,1_0,1,0,LP,21.000,0.000,0.034,"51,200.000",0.000,0.000,0.000,0.000,0.000,0.746,0.884,0.471,0.000,,0.000,0.328,0.000,0.000,0.000,0.000,1.140,0.022,287.000,0.351,7.685,0.151,0.062,0.113,0.016,0.237,0.354,0.090,0.299,0.030,10.190,14.040,17.970,23.310,27.910,28.530,30.250,30.930,31.100,30.810,32.450,32.170,34.450,,34.050,34.050,0.723,0.467,0.317,3.118,4.680,4.725,3.850,3.788,5.000,4.183,4.193,4.385,4.593,4.070,,,0.098,1.851,2.878,54.361,13.000,0.210,30.890,13.300,0.431,18.453,0.000,0.000,0.000,0.000,0.000,0.000,0.000,*,*
SB-105,13,ROH,0_0,0,0,HP,21.000,0.000,0.001,0.000,0.000,0.000,0.000,0.000,0.000,1.703,0.714,0.000,0.000,,0.000,0.000,0.000,0.000,0.032,0.000,1.335,0.000,435.000,0.371,5.265,0.173,0.000,0.073,0.037,0.268,0.381,0.158,0.221,0.007,10.380,13.890,18.100,21.630,27.280,28.180,30.950,35.150,37.480,39.610,43.610,43.610,46.060,,46.840,46.840,1.105,1.096,1.324,3.100,4.140,4.975,4.153,4.465,5.820,4.295,4.923,4.435,4.283,4.320,,,0.098,1.997,2.092,42.635,0.000,0.060,42.100,19.100,0.454,21.066,0.000,0.000,0.000,0.000,0.000,0.000,0.000,*,*
SB-105,14,ROL,1_1,1,1,HP,21.000,0.000,0.549,"51,200.000",0.000,0.375,0.075,,0.387,3.676,0.000,5.744,0.555,,0.000,4.764,0.606,0.000,0.173,0.000,0.561,0.022,0.167,0.147,0.105,0.029,0.015,0.011,0.000,0.054,0.307,0.008,0.000,0.001,5.770,7.110,7.760,9.230,11.080,10.940,12.000,13.000,13.170,13.520,14.400,14.620,15.640,,15.790,15.790,0.304,0.285,0.316,1.813,2.257,2.513,2.007,2.328,2.453,1.630,2.060,1.755,1.900,1.865,,,0.056,0.765,3.547,48.448,11.000,0.070,14.050,4.600,0.327,6.796,0.000,1.000,0.000,0.000,0.000,1.000,0.301,*,0.000
SB-105,18,ROL,1_0,1,0,LP,21.000,0.000,0.139,"3,200.000",0.000,0.000,0.000,0.000,,2.323,0.000,,,,0.150,0.336,0.188,0.997,0.000,0.000,0.001,0.000,0.000,0.002,0.000,0.000,0.000,0.052,0.013,0.193,0.426,0.102,0.150,0.002,6.360,7.640,8.560,9.600,12.460,11.210,13.310,12.730,13.310,12.970,14.100,14.000,14.670,,15.490,15.490,0.277,0.256,0.182,1.928,2.270,2.828,2.250,2.978,2.307,2.688,2.617,2.780,2.897,2.890,,,0.033,0.736,2.130,47.515,6.000,0.140,13.500,5.300,0.393,14.163,0.000,0.000,0.000,0.000,0.000,0.000,0.000,*,*
SB-105,20,ROL,1_1,1,1,LP,9.000,0.000,0.424,"3,200.000",0.000,0.095,0.000,0.000,0.000,0.000,1.042,0.318,0.963,2.504,0.006,1.560,0.634,0.000,0.000,0.000,,,,,,,,,,,,,,,6.660,8.580,8.630,9.410,11.070,11.810,12.520,12.270,11.920,12.770,,,,13.380,,13.380,0.204,0.173,0.072,1.858,2.110,2.508,2.863,2.398,2.497,2.360,3.210,,,,2.519,2.812,0.050,0.900,3.737,67.265,1.000,0.110,12.290,4.500,0.366,11.175,0.000,0.000,1.000,0.000,3.000,4.000,0.699,0.000,75.000
SB-105,23,ROL,0_1,0,1,HP,21.000,0.000,0.209,"3,200.000",0.000,0.218,0.000,0.000,2.970,7.772,4.426,0.000,1.039,1.275,0.050,0.614,0.407,0.000,3.181,0.000,0.288,0.000,0.001,0.529,0.009,0.020,0.000,0.124,0.004,0.247,0.220,0.065,0.105,0.012,6.540,8.360,8.980,9.840,11.790,12.680,13.660,15.140,14.930,14.980,16.320,16.410,17.220,,17.380,17.380,0.328,0.328,0.310,1.828,2.303,2.765,2.480,2.673,2.900,1.903,1.970,1.975,2.147,2.110,,,0.095,0.758,5.466,43.613,0.000,0.100,15.360,5.600,0.365,10.998,"2,092.500",12.000,15.000,0.000,0.000,27.000,1.447,139.500,0.000
SB-105,25,ROL,1_0,1,0,HP,21.000,0.000,0.130,"3,200.000",0.000,0.000,0.000,0.000,0.000,7.233,0.000,0.000,0.068,0.537,0.053,0.855,0.056,0.000,1.353,0.000,0.001,0.000,0.000,0.005,0.000,0.000,0.000,0.045,0.004,0.184,0.130,0.101,0.090,0.006,6.760,8.360,9.390,9.950,11.780,11.420,12.900,14.900,16.220,16.270,17.090,18.170,19.370,,20.190,20.190,0.407,0.445,0.608,0.962,1.980,2.713,1.883,2.655,2.953,2.085,1.977,2.260,2.527,2.493,,,0.054,0.855,2.675,42.348,0.000,0.160,18.000,7.300,0.406,15.628,0.000,0.000,0.000,0.000,0.000,0.000,0.000,*,*
SB-105,26,ROL,0_1,0,1,LP,9.000,0.000,0.122,"1,600.000",0.000,0.000,0.000,,0.000,4.225,0.000,0.792,0.931,3.121,0.729,4.983,1.244,0.000,0.000,0.000,0.000,0.000,0.000,0.000,0.000,0.000,0.000,0.025,0.000,0.060,0.015,0.018,0.017,0.021,6.770,9.190,11.240,12.990,14.610,13.290,14.350,14.020,14.770,14.940,,,,15.210,,15.210,0.256,0.097,0.072,0.158,1.923,3.140,2.503,2.623,2.823,2.798,3.153,,,,2.434,2.912,0.060,0.890,3.945,58.514,0.000,0.120,13.990,4.900,0.350,9.378,0.000,6.000,4.000,0.000,1.000,11.000,1.079,0.000,9.091
SB-105,27,ROL,1_1,1,1,HP,9.000,0.000,0.256,"12,800.000",0.000,0.052,,,0.000,1.297,0.000,0.180,0.619,2.487,0.000,1.314,0.350,1.085,0.000,0.000,,,,,,,,,,,,,,,5.930,7.960,10.690,10.560,13.120,11.350,13.910,14.490,15.370,15.890,,,,16.830,,16.830,0.330,0.273,0.243,0.050,0.753,2.968,2.500,2.833,2.413,1.935,2.283,,,,1.981,2.103,0.070,0.830,4.159,49.317,8.000,0.120,15.590,5.300,0.340,8.216,0.000,1.000,1.000,0.000,0.000,2.000,0.477,0.000,0.000
SB-105,28,ROL,0_1,0,1,LP,21.000,0.000,0.228,"3,200.000",0.000,0.000,,,0.000,3.540,0.000,0.000,0.544,1.153,0.041,0.656,0.199,0.000,0.440,0.000,0.398,0.001,0.000,0.626,0.009,0.023,0.004,0.176,0.076,0.330,1.435,0.106,0.328,0.008,6.290,8.310,10.400,11.620,12.400,11.130,14.100,13.210,13.600,13.290,14.280,14.670,14.500,,15.010,15.010,0.264,0.147,0.076,0.100,0.337,2.543,2.317,3.250,2.430,2.623,2.600,2.773,2.907,2.545,,,0.041,0.759,2.732,50.566,0.000,0.100,13.000,5.000,0.385,13.262,0.000,0.000,0.000,0.000,0.000,0.000,0.000,*,*
SB-105,29,ROL,0_0,0,0,LP,21.000,0.000,0.017,0.000,0.000,0.001,0.000,0.000,0.000,2.704,0.000,0.000,0.000,0.000,0.000,0.143,0.000,0.000,0.000,0.000,0.016,0.000,0.000,0.006,0.000,0.000,0.000,0.069,0.002,0.075,0.013,0.038,0.026,0.002,5.630,8.550,9.580,12.610,12.600,12.300,13.340,12.790,12.680,13.070,13.700,13.710,14.310,,15.040,15.040,0.285,0.106,0.142,2.093,3.010,3.003,2.665,2.747,2.373,2.340,2.620,2.873,2.840,2.957,,,0.034,0.693,2.261,46.077,0.000,0.130,13.200,4.900,0.371,11.747,0.000,0.000,2.000,0.000,0.000,2.000,0.477,0.000,0.000
SB-105,30,ROH,1_0,1,0,LP,21.000,0.000,0.101,"12,800.000",800.000,0.029,0.000,,0.000,0.607,0.570,0.016,0.015,5.412,0.000,2.191,1.427,0.821,0.000,2.288,0.378,0.007,0.226,0.035,3.785,0.038,0.047,0.162,0.105,0.331,1.150,0.136,0.317,0.003,19.860,23.140,27.970,33.130,35.810,35.900,41.750,40.580,42.790,43.280,44.330,45.580,45.700,,47.480,47.480,0.837,0.624,0.478,3.603,5.867,5.620,5.570,5.625,5.960,5.565,5.723,5.118,5.070,5.238,,,0.065,2.249,1.369,47.367,22.000,0.180,43.220,20.700,0.479,23.921,0.000,0.000,0.000,0.000,0.000,0.000,0.000,*,*
SB-105,31,ROH,1_0,1,0,HP,21.000,0.000,0.035,"51,200.000",800.000,0.000,0.000,,0.000,0.000,0.000,0.678,0.014,0.171,9.810,0.116,0.000,3.889,0.427,2.194,0.064,0.000,0.000,0.004,1.340,0.003,0.024,0.001,0.000,0.020,0.050,0.016,0.011,0.000,18.850,22.040,23.670,29.870,32.060,34.470,39.600,41.020,43.970,46.810,49.450,51.920,53.000,,54.210,54.210,1.072,1.058,1.218,2.345,6.160,5.740,5.527,5.723,5.773,5.028,4.743,4.465,4.830,4.928,,,0.140,2.490,2.577,45.938,31.000,0.190,50.530,23.500,0.465,22.353,0.000,0.000,0.000,0.000,0.000,0.000,0.000,*,*
SB-105,32,ROH,0_1,0,1,HP,9.000,0.000,0.055,0.000,800.000,0.000,0.000,0.000,0.000,0.000,0.000,0.000,0.000,0.666,0.000,0.658,0.000,0.000,0.000,0.000,0.272,0.000,0.000,0.794,0.005,0.010,0.001,0.051,0.009,0.253,0.126,0.070,0.145,0.007,13.970,17.040,22.240,27.970,30.340,32.270,35.700,39.070,41.420,43.910,,,,46.620,,46.620,0.989,0.811,0.910,3.960,5.380,5.388,5.463,4.843,5.853,4.848,5.167,,,,5.123,5.075,0.137,2.285,2.939,49.013,3.000,0.531,41.840,19.300,0.461,21.925,0.000,0.000,2.000,0.000,0.000,2.000,0.477,0.000,0.000
SB-105,33,ROH,0_0,0,0,LP,21.000,0.000,0.001,0.000,800.000,0.000,,0.000,0.000,0.000,0.000,0.011,0.011,0.015,0.000,0.000,0.116,2.135,0.000,0.000,0.002,0.000,0.000,0.013,0.013,0.000,0.000,0.012,0.004,0.132,0.169,0.171,0.099,0.002,15.080,19.620,22.170,27.160,31.030,29.320,34.200,34.260,35.530,35.460,36.580,37.010,37.700,,38.330,38.330,0.705,0.486,0.344,3.520,5.207,5.673,4.350,4.153,5.673,5.333,4.730,4.773,4.673,4.998,,,0.080,1.900,2.077,49.559,0.000,0.190,35.330,15.300,0.433,18.736,0.000,0.000,0.000,0.000,0.000,0.000,0.000,*,*
SB-105,34,ROH,1_1,1,1,HP,9.000,0.000,,"124,000.000",0.000,0.009,0.000,0.000,0.000,0.000,0.000,0.000,0.000,0.556,0.000,0.775,0.000,0.000,0.000,0.000,,,,,,,,,,,,,,,15.660,20.830,27.160,30.880,33.390,32.350,38.060,40.580,43.360,42.210,,,,44.500,,44.500,0.874,0.592,0.537,4.465,5.907,5.273,4.547,5.095,6.193,4.528,4.107,,,,4.877,4.138,0.154,2.615,3.461,58.764,37.000,0.301,39.820,15.900,0.399,14.921,0.000,0.000,0.000,0.000,0.000,0.000,0.000,*,*
SB-105,35,ROH,0_1,0,1,LP,21.000,0.000,0.087,0.000,800.000,0.008,0.000,,0.000,0.000,0.000,0.012,0.015,0.085,0.000,0.000,0.000,0.000,0.000,0.000,0.379,0.000,0.003,2.710,0.007,0.022,0.001,0.164,0.074,0.374,1.090,0.195,0.545,0.009,20.330,24.620,30.660,33.880,36.810,39.670,40.780,42.070,41.330,42.430,14.720,40.750,40.620,,41.150,41.150,0.631,0.316,0.031,4.253,5.570,5.923,5.600,4.878,5.627,4.650,5.373,4.385,3.690,4.155,,,0.094,1.741,2.282,42.309,2.000,0.270,36.050,16.500,0.458,21.520,891.000,1.000,7.000,0.000,0.000,8.000,0.954,127.286,0.000
SB-105,36,ROH,1_1,1,1,LP,9.000,0.000,0.215,"124,000.000",0.000,0.000,0.000,0.000,0.000,0.000,0.000,0.000,0.000,0.880,0.000,1.018,0.000,0.000,0.000,0.000,0.405,0.349,0.117,0.138,0.379,0.042,0.100,1.600,0.040,0.329,0.371,0.109,0.411,0.137,19.270,24.810,26.740,31.660,33.180,35.120,39.460,39.210,37.350,37.370,,,,36.070,,36.070,0.509,0.192,-0.283,3.553,6.523,5.480,5.733,5.363,5.507,3.858,3.483,,,,4.800,3.682,0.121,2.040,3.355,56.557,38.000,0.811,32.830,12.200,0.372,11.792,0.000,0.000,0.000,0.000,0.000,0.000,0.000,*,*
SB-105,37,ROH,0_1,0,1,HP,21.000,0.000,0.102,"6,400.000","3,200.000",0.000,0.000,0.000,0.000,0.000,0.000,0.012,0.013,0.269,0.000,0.000,0.270,0.000,0.000,0.000,0.073,0.000,0.000,0.703,0.006,0.002,0.006,0.065,0.030,0.288,0.349,0.182,0.394,0.006,16.090,20.210,23.910,28.980,30.750,31.760,37.060,39.600,42.250,45.000,46.880,48.490,49.720,,52.930,52.930,1.116,1.041,1.323,3.783,5.537,5.560,5.007,6.143,5.993,4.480,5.393,4.815,4.460,4.128,,,0.122,2.046,2.305,38.655,18.000,0.300,48.460,22.800,0.470,22.965,"1,795.500",8.000,12.000,0.000,0.000,20.000,1.322,149.625,0.000
SB-105,38,ROH,0_0,0,0,HP,21.000,0.000,,0.000,0.000,0.000,0.000,0.000,0.000,4.133,0.000,0.000,0.000,0.000,0.000,0.388,0.000,0.000,2.434,0.000,0.001,0.000,0.000,0.011,0.000,0.000,0.000,0.111,0.010,0.226,0.144,0.099,0.436,0.003,20.380,25.030,29.450,33.480,37.910,38.290,44.940,47.380,51.190,54.230,56.490,59.420,58.800,,63.210,63.210,1.298,1.293,1.523,4.573,6.440,6.318,5.767,5.683,6.633,6.203,5.773,5.613,5.833,5.055,,,0.150,2.679,2.373,42.378,0.000,0.360,57.800,27.100,0.469,22.781,0.000,0.000,0.000,0.000,0.000,0.000,0.000,*,*
SB-105,39,ROH,1_1,1,1,LP,21.000,0.000,,"248,000.000","1,600.000",0.000,0.000,,0.000,0.174,0.387,0.000,0.000,2.768,0.000,2.990,0.271,0.000,0.000,0.000,,,,,,,,,,,,,,,18.110,21.220,22.360,26.700,30.600,32.540,35.940,36.590,37.150,36.680,37.040,37.130,36.240,,37.040,37.040,0.574,0.450,0.092,2.963,4.707,5.675,5.287,4.875,5.973,5.158,4.430,4.575,3.847,4.775,,,0.099,1.787,2.665,48.237,22.000,0.170,33.840,15.000,0.443,19.889,4.500,2.000,3.000,0.000,0.000,5.000,0.778,1.500,0.000
SB-105,40,ROH,0_1,0,1,LP,9.000,0.000,0.009,0.000,0.000,0.000,0.000,0.000,0.000,0.000,0.000,0.000,0.000,1.804,0.000,2.487,0.000,0.181,0.000,0.000,1.385,0.027,0.417,10.800,0.304,0.076,0.011,0.079,0.006,0.198,0.136,0.074,0.185,0.014,15.400,18.800,23.010,25.860,28.460,29.810,33.160,33.650,32.790,33.980,,,,35.620,,35.620,0.613,0.424,0.205,3.620,4.833,4.838,4.797,3.915,5.163,5.308,5.033,,,,4.696,5.032,0.104,2.263,2.920,63.532,0.000,1.311,31.490,11.900,0.378,12.502,0.000,0.000,1.000,3.000,1.000,5.000,0.778,0.000,80.000
SB-105,41,ROH,1_1,1,1,LP,21.000,0.000,,"496,000.000","6,400.000",0.000,0.000,,0.000,0.661,0.000,0.000,0.000,3.293,0.176,5.008,0.264,0.000,0.000,0.000,0.001,0.000,0.000,0.003,0.000,0.006,0.085,0.427,0.056,0.375,0.576,0.082,0.258,0.113,15.110,18.800,23.880,28.650,30.950,31.720,33.840,34.470,33.550,33.770,33.840,33.980,34.120,,33.480,33.480,0.557,0.210,-0.030,4.048,5.413,5.063,4.880,4.045,5.303,4.680,4.313,4.100,3.860,4.138,,,0.123,2.146,3.662,64.089,43.000,0.170,30.360,12.300,0.405,15.581,0.000,1.000,0.000,0.000,0.000,1.000,0.301,*,0.000
SB-105,42,ROH,1_1,1,1,HP,21.000,0.000,0.636,"496,000.000","3,200.000",0.000,0.000,0.000,0.000,2.102,0.000,0.000,0.000,1.500,0.000,0.792,0.000,0.000,0.339,0.000,0.004,0.000,0.036,0.003,0.000,0.034,0.105,1.190,0.074,0.389,0.929,0.172,0.565,0.117,14.610,19.700,23.970,27.420,29.730,30.630,34.100,37.590,40.990,41.780,44.790,45.810,46.400,,48.550,48.550,1.028,0.919,1.204,4.040,4.867,5.048,4.693,4.638,5.983,4.633,4.027,4.105,4.337,4.683,,,0.145,2.719,2.987,56.012,68.000,0.180,43.480,17.600,0.405,15.541,0.000,0.000,0.000,0.000,0.000,0.000,0.000,*,*
SB-105,43,ROL,1_1,1,1,HP,9.000,0.000,0.183,"3,200.000",400.000,0.000,0.000,0.000,0.000,0.000,0.000,0.000,0.000,1.914,0.000,1.503,0.000,0.317,0.000,0.000,0.002,0.000,0.001,0.000,0.000,0.002,0.006,0.524,0.008,0.298,0.395,0.109,0.168,0.078,7.800,9.890,11.800,12.490,13.680,13.320,14.570,14.730,15.300,15.840,,,,15.430,,15.430,0.231,0.128,0.072,2.343,3.250,2.798,2.683,2.560,2.657,1.885,1.960,,,,2.415,1.815,0.070,0.840,4.537,54.439,3.000,0.060,14.670,5.000,0.341,8.314,0.000,0.000,0.000,0.000,1.000,1.000,0.301,*,100.000
SB-105,45,ROL,0_1,0,1,LP,9.000,0.000,0.094,400.000,0.000,0.000,0.000,0.000,0.000,0.000,0.000,0.000,0.000,1.852,0.000,1.733,0.102,0.092,0.000,0.000,0.327,0.001,0.000,1.280,0.017,0.010,0.005,0.750,0.070,0.719,1.790,0.097,0.378,0.038,6.190,8.650,11.410,11.760,13.240,13.470,13.790,13.540,13.380,13.580,,,,13.880,,13.880,0.233,0.092,0.008,2.490,2.780,3.125,2.910,2.583,2.760,2.510,2.907,,,,2.751,2.704,0.069,0.888,4.971,63.977,0.000,0.050,12.970,4.100,0.316,5.521,0.000,8.000,11.000,0.000,0.000,19.000,1.301,0.000,0.000
SB-105,47,ROL,1_1,1,1,HP,21.000,0.000,0.589,"124,000.000",0.000,0.215,0.000,0.000,0.000,2.119,0.014,0.000,1.055,2.847,0.000,2.918,0.766,0.000,0.719,0.000,,,,,,,,,,,,,,,6.780,8.130,9.810,10.660,12.850,12.650,14.510,14.250,14.850,15.350,16.100,16.320,17.510,,17.500,17.500,0.325,0.297,0.249,1.328,2.797,2.935,1.513,2.860,2.653,2.063,2.220,2.140,1.893,2.278,,,0.113,0.923,6.434,52.720,1.000,0.060,15.560,5.400,0.347,9.016,"2,875.500",4.000,14.000,0.000,0.000,18.000,1.279,205.393,0.000
SB-105,49,ROL,0_0,0,0,HP,21.000,0.000,0.042,800.000,0.000,0.068,,0.000,1.677,16.321,2.480,0.000,0.000,0.000,0.000,0.461,0.000,0.000,6.959,0.000,0.839,0.000,11.275,0.138,4.100,0.048,0.000,0.057,0.023,0.194,0.927,0.126,0.139,0.001,8.170,10.190,12.210,11.770,13.350,13.350,13.380,13.730,14.240,14.480,15.940,16.400,16.130,,17.580,17.580,0.285,0.253,0.350,2.338,2.703,2.950,2.640,2.280,2.387,1.903,1.937,2.245,2.050,2.153,,,0.048,0.709,2.753,40.336,0.000,0.110,15.830,5.500,0.347,9.061,0.000,0.000,0.000,0.000,0.000,0.000,0.000,*,*
SB-105,50,ROL,1_1,1,1,LP,9.000,0.000,0.202,"6,400.000",0.000,0.038,0.000,,0.000,0.000,0.000,0.000,0.000,1.426,0.000,1.057,0.000,0.000,0.000,0.000,0.002,0.000,0.005,0.001,0.000,0.014,0.023,0.297,0.012,0.326,0.427,0.059,0.098,0.015,5.270,6.620,8.670,9.840,10.900,11.710,10.730,10.490,10.720,11.030,,,,11.390,,11.390,0.185,0.067,0.055,1.228,2.763,2.350,2.630,1.210,2.383,2.165,2.283,,,,2.103,2.121,0.036,0.854,3.161,74.978,4.000,0.030,11.040,3.500,0.317,5.624,0.000,0.000,0.000,0.000,2.000,2.000,0.477,*,100.000
SB-105,51,ROH,0_1,0,1,LP,21.000,0.000,0.299,"25,600.000","1,600.000",0.000,,0.000,0.000,0.000,0.000,0.000,0.000,1.131,0.000,1.065,0.040,0.000,0.000,0.000,0.277,0.003,0.000,1.605,0.027,0.017,0.020,0.004,0.000,0.033,0.019,0.017,0.016,0.002,18.280,20.900,26.730,31.820,35.500,35.150,40.900,41.730,39.740,38.760,36.270,37.360,37.190,,35.930,35.930,0.535,0.179,-0.414,4.585,6.707,5.695,5.577,6.403,6.587,4.548,4.293,4.030,4.067,4.188,,,0.139,2.165,3.869,60.256,24.000,0.170,33.210,13.500,0.407,15.735,"7,519.500",51.000,51.000,0.000,0.000,102.000,2.013,147.441,0.000
SB-105,52,ROH,1_1,1,1,HP,21.000,0.000,0.309,"124,000.000","12,800.000",0.200,0.225,0.000,0.000,0.000,0.000,0.000,0.183,1.433,0.023,2.425,0.356,0.000,0.000,0.000,0.000,0.000,0.000,0.000,0.000,0.019,0.024,0.317,0.043,0.331,0.247,0.081,0.298,0.046,15.880,19.300,25.220,30.620,34.160,31.940,37.730,39.690,44.180,49.150,50.930,54.960,55.850,,56.570,56.570,1.233,1.128,1.570,4.668,6.370,5.768,4.740,5.348,6.237,5.748,5.983,5.658,5.097,5.290,,,0.151,2.731,2.669,48.276,8.000,0.170,51.670,24.800,0.480,24.037,16.500,1.000,4.000,0.000,0.000,5.000,0.778,4.125,0.000
SB-105,53,ROH,1_1,1,1,LP,9.000,0.000,0.240,"51,200.000",400.000,0.000,0.000,,0.000,0.000,0.000,0.038,0.227,4.377,0.746,15.767,0.867,1.730,1.644,2.615,,,,,,,,,,,,,,,18.690,16.570,22.440,27.440,29.770,29.470,35.190,34.960,33.760,34.100,,,,34.520,,34.520,0.480,0.308,-0.056,4.758,5.417,5.258,4.797,5.250,4.840,4.568,4.807,,,,,,0.098,2.130,2.839,61.703,14.000,0.180,31.270,13.500,0.432,18.585,0.000,0.000,0.000,1.000,0.000,1.000,0.301,*,100.000
SB-105,54,ROH,0_1,0,1,HP,9.000,0.000,0.047,0.000,0.000,0.008,0.000,0.000,,0.000,0.000,0.012,0.012,1.310,1.168,4.295,0.000,0.000,1.277,0.000,0.228,0.000,0.000,0.589,0.004,0.008,0.002,0.195,0.024,0.137,1.007,0.061,0.115,0.004,18.940,21.550,27.950,32.410,35.580,35.200,38.800,41.760,45.220,48.930,,,,52.350,,52.350,1.012,0.867,1.129,5.355,6.243,5.820,5.193,5.683,6.803,5.088,5.900,,,,,,0.174,2.390,3.324,45.654,1.000,0.130,47.340,22.200,0.469,22.791,0.000,5.000,2.000,2.000,2.000,11.000,1.079,0.000,36.364
SB-105,55,ROH,1_0,1,0,LP,21.000,0.000,0.076,"25,600.000",800.000,0.000,0.000,,0.000,2.124,0.000,0.000,0.000,2.416,0.029,2.378,0.057,0.000,0.413,0.000,0.139,0.000,0.000,0.009,0.931,0.010,0.012,0.113,0.174,0.317,1.675,0.176,0.188,0.019,14.190,21.130,26.830,32.580,34.090,32.790,36.320,37.440,38.180,40.590,40.770,41.190,40.810,,41.170,41.170,0.818,0.373,0.404,4.650,6.257,5.340,4.987,5.540,5.753,5.268,5.530,5.133,4.013,4.405,,,0.095,1.643,2.308,39.908,14.000,0.210,38.100,17.200,0.451,20.813,0.000,0.000,0.000,0.000,0.000,0.000,0.000,*,*
SB-105,56,ROH,0_1,0,1,LP,21.000,0.000,0.165,"12,800.000",800.000,0.035,,,0.000,0.000,0.000,0.000,0.000,0.560,0.000,0.358,1.051,0.000,2.940,0.000,0.001,0.000,0.000,0.400,,0.000,0.000,0.069,0.005,0.231,0.266,0.152,0.212,0.026,16.060,25.050,29.070,34.630,35.050,37.370,39.330,40.670,41.060,40.200,39.430,39.080,39.960,,40.310,40.310,0.735,0.247,0.082,4.947,6.085,6.543,5.968,5.000,5.793,6.040,5.308,4.137,4.533,4.343,,,0.128,1.990,3.175,49.367,4.000,0.220,36.530,16.300,0.446,20.222,913.500,5.000,10.000,0.000,0.000,15.000,1.204,91.350,0.000
SB-105,57,ROH,0_1,0,1,HP,21.000,0.000,0.229,"12,800.000",0.000,0.054,0.050,0.000,0.000,0.000,0.000,0.000,0.181,3.967,0.000,7.830,0.292,0.000,0.000,0.000,0.144,0.000,0.000,0.328,0.005,0.004,0.003,0.002,0.000,0.002,0.003,0.000,0.000,0.000,16.600,24.620,28.840,32.400,36.130,37.170,40.470,43.760,47.030,46.970,52.330,52.300,54.680,,55.690,55.690,1.185,1.013,1.268,5.043,5.598,6.740,5.648,5.507,5.500,5.493,5.173,5.840,4.398,4.640,,,0.192,2.914,3.448,52.325,12.000,0.210,52.390,24.300,0.464,22.213,189.000,10.000,11.000,0.000,0.000,21.000,1.342,17.182,0.000
SB-105,58,ROH,1_1,1,1,HP,9.000,0.000,,"6,400.000",800.000,0.005,0.000,0.000,0.000,2.568,0.000,0.000,0.000,2.041,0.000,2.246,0.057,0.000,0.364,0.000,0.001,0.000,0.000,0.005,0.000,0.008,0.003,1.018,0.062,0.329,0.665,0.187,0.334,0.025,15.240,22.940,26.610,31.690,32.030,34.670,37.470,42.180,45.230,45.120,,,,46.370,,46.370,0.943,0.638,0.742,4.843,5.123,5.927,5.365,5.277,5.983,5.503,4.710,,,,,,0.146,2.237,3.149,48.242,9.000,0.040,42.020,17.900,0.426,17.937,0.000,0.000,0.000,0.000,0.000,0.000,0.000,*,*
SB-105,59,ROH,0_1,0,1,LP,9.000,0.000,0.004,0.000,0.000,0.009,0.000,0.000,0.000,3.612,0.000,0.000,0.000,0.000,0.072,1.860,0.079,0.000,0.064,0.000,0.021,0.000,0.000,0.189,0.003,0.000,0.001,0.133,0.059,0.349,1.040,0.136,0.333,0.015,16.470,25.260,29.260,33.670,36.450,39.070,43.560,42.520,41.690,41.500,,,,41.650,,41.650,0.763,0.347,-0.159,5.397,5.905,6.120,6.653,6.453,6.108,4.640,6.083,,,,,,0.118,1.926,2.833,46.242,0.000,0.250,37.800,16.400,0.434,18.826,0.000,0.000,1.000,0.000,0.000,1.000,0.301,0.000,0.000
SB-105,60,ROH,0_0,0,0,LP,21.000,0.000,0.000,0.000,0.000,0.019,0.000,,0.000,0.000,0.000,0.000,0.000,0.195,0.000,0.231,0.038,0.000,0.000,0.000,1.360,0.000,32.950,0.698,1.915,0.159,0.000,0.197,0.000,0.024,0.041,0.022,0.017,0.002,15.960,23.930,26.540,32.160,33.920,37.560,39.460,42.140,40.710,39.930,40.650,41.190,43.480,,43.290,43.290,0.828,0.484,0.319,4.147,6.145,5.973,5.615,5.063,6.168,4.963,5.310,4.883,5.983,5.077,,,0.092,1.924,2.125,44.444,0.000,0.200,41.460,18.700,0.451,20.767,0.000,0.000,0.000,0.000,0.000,0.000,0.000,*,*
SB-105,61,ROL,0_0,0,0,HP,21.000,0.000,0.055,0.000,0.000,0.028,0.000,0.000,,,,,,,,,,,,,0.267,0.000,0.008,0.019,1.236,0.014,0.000,0.446,0.041,0.003,1.155,0.106,0.173,0.002,,7.240,6.750,9.480,12.520,10.850,13.350,13.880,14.590,15.130,14.770,15.830,15.890,,16.340,16.340,0.276,0.298,0.249,1.838,2.963,3.120,2.157,2.773,2.550,2.393,2.030,1.808,2.030,1.925,,,0.042,0.739,2.570,45.226,0.000,0.120,15.170,5.800,0.382,13.004,0.000,0.000,0.000,0.000,0.000,0.000,0.000,*,*
SB-105,62,ROL,1_1,1,1,LP,21.000,0.000,0.246,800.000,0.000,0.000,0.000,,,,,,,,,,,,,,,,,,,,,,,,,,,,,7.570,8.540,10.600,11.970,12.460,13.440,12.900,13.030,13.480,13.560,13.800,14.400,,14.510,14.510,0.210,0.170,0.089,1.948,2.910,2.528,2.647,2.755,2.633,2.588,2.427,2.440,2.220,2.393,,,0.038,0.726,2.619,50.034,0.000,0.070,13.670,5.200,0.380,12.785,"1,039.500",1.000,2.000,0.000,0.000,3.000,0.602,519.750,0.000
SB-105,63,ROL,0_1,0,1,LP,21.000,0.000,0.065,"1,600.000",0.000,0.000,0.495,0.000,,,,,,,,,,,,,1.550,0.000,0.793,33.700,0.301,0.133,0.000,1.521,0.007,0.144,0.057,0.014,0.073,0.000,,6.980,5.960,8.210,9.530,9.370,11.480,12.360,12.340,11.850,11.810,12.830,13.630,,14.270,14.270,0.221,0.263,0.233,1.500,2.783,2.290,1.967,2.920,2.993,2.400,2.097,2.373,2.453,2.348,,,0.088,0.709,6.167,49.685,0.000,0.110,13.120,5.300,0.404,15.448,247.500,2.000,1.000,0.000,0.000,3.000,0.602,247.500,0.000
SB-105,64,ROL,0_1,0,1,LP,9.000,0.000,0.065,0.000,0.000,0.055,0.000,0.000,0.000,0.000,0.000,0.000,0.455,2.352,0.281,1.225,0.116,0.000,0.000,0.000,0.201,0.000,0.000,0.100,0.000,0.003,0.000,0.591,0.092,0.320,0.803,0.094,0.316,0.093,,8.110,7.680,8.560,8.570,9.190,10.500,11.130,11.440,11.450,,,,11.820,,11.820,0.112,0.142,0.110,1.608,3.213,1.438,2.313,2.260,3.003,3.163,2.217,,,,,,0.041,0.728,3.469,61.591,0.000,0.040,11.040,4.000,0.362,10.742,0.000,2.000,3.000,0.000,0.000,5.000,0.778,0.000,0.000
SB-105,65,ROL,1_1,1,1,HP,9.000,0.000,0.181,"1,600.000",0.000,0.000,0.000,0.000,0.000,0.000,0.000,0.000,1.080,1.752,0.116,0.594,0.254,0.000,0.000,1.099,0.669,0.054,0.181,0.101,0.078,0.048,0.024,0.601,0.061,0.320,4.020,0.237,0.168,0.035,,9.240,9.720,12.370,12.830,13.250,14.480,15.720,15.750,16.280,,,,16.690,,16.690,0.226,0.188,0.184,1.888,3.927,2.870,2.990,2.985,3.040,2.220,2.030,,,,,,0.040,0.811,2.397,48.592,3.000,0.030,15.670,5.800,0.370,11.625,0.000,0.000,0.000,0.000,0.000,0.000,0.000,*,*
SB-105,66,ROL,1_0,1,0,HP,21.000,0.000,0.048,800.000,0.000,0.000,0.000,0.000,,,,,,,,,,,,,0.016,0.000,0.001,0.004,0.346,0.000,0.000,0.287,0.168,0.692,5.200,0.193,0.395,0.017,,11.300,12.860,13.240,14.500,13.890,15.250,16.240,16.280,17.730,17.550,18.250,19.010,,19.820,19.820,0.258,0.286,0.381,2.923,3.733,3.233,2.423,2.683,2.873,2.425,2.213,2.460,2.213,2.368,,,0.059,0.827,2.977,41.726,1.000,0.160,17.850,7.000,0.392,14.114,0.000,0.000,0.000,0.000,0.000,0.000,0.000,*,*
SB-105,67,ROL,1_1,1,1,LP,21.000,0.000,0.319,"12,800.000",0.000,0.000,0.000,0.000,,,,,,,,,,,,,0.629,0.003,0.167,0.064,0.046,0.055,0.008,0.007,0.000,0.007,0.006,0.001,0.000,0.000,,9.360,10.110,12.010,12.740,13.090,14.760,13.750,14.250,14.520,14.730,15.350,15.070,,15.340,15.340,0.181,0.145,0.048,2.553,3.463,2.830,2.673,2.715,2.563,2.835,2.427,2.775,2.397,2.345,,,0.048,0.817,3.129,53.259,1.000,0.160,13.780,5.000,0.363,10.801,"1,917.000",6.000,5.000,0.000,0.000,11.000,1.079,383.400,0.000
SB-105,68,ROL,0_1,0,1,HP,9.000,0.000,0.123,800.000,0.000,0.094,0.050,0.000,0.000,9.318,0.000,0.000,0.000,3.671,0.324,1.975,0.138,0.000,0.157,0.000,0.344,0.005,0.000,1.065,0.020,0.012,0.006,6.525,0.105,0.516,4.390,0.110,0.396,0.137,4.540,6.470,7.600,9.080,10.670,12.020,12.840,13.690,13.840,14.490,,,,14.220,,14.220,0.293,0.223,0.115,1.273,2.450,2.755,2.857,3.300,2.170,2.138,1.890,,,,,,0.090,0.757,6.308,53.235,0.000,0.070,13.070,4.500,0.344,8.706,0.000,8.000,12.000,0.000,0.000,20.000,1.322,0.000,0.000
SB-105,69,ROL,0_0,0,0,LP,21.000,0.000,0.064,0.000,0.000,0.000,0.000,,0.000,5.264,0.125,0.000,0.000,0.000,0.044,0.098,0.031,0.000,0.820,0.000,0.151,0.000,0.000,0.020,0.649,0.005,0.000,0.153,0.030,0.240,1.135,0.105,0.284,0.002,5.050,6.620,7.300,8.150,11.100,10.730,12.830,12.080,11.720,12.500,12.670,13.140,13.180,,13.310,13.310,0.250,0.224,0.040,1.260,2.103,3.028,2.153,3.353,1.967,2.408,2.183,2.405,2.623,2.505,,,0.035,0.610,2.630,45.830,0.000,0.060,11.960,4.300,0.360,10.427,0.000,0.000,0.000,0.000,0.000,0.000,0.000,*,*
SB-105,70,ROL,0_1,0,1,HP,9.000,0.000,0.044,0.000,0.000,0.000,0.000,,,6.047,0.000,0.000,0.176,3.978,0.138,1.657,0.386,0.000,0.223,0.000,0.007,0.000,0.000,0.249,0.000,0.000,0.000,0.715,0.237,0.001,2.420,0.128,0.489,0.049,4.740,5.980,7.190,8.990,11.220,11.380,13.500,14.270,13.600,14.890,,,,15.070,,15.070,0.313,0.264,0.131,1.265,2.737,2.875,2.927,3.573,2.547,2.058,2.143,,,,,,0.085,0.843,5.627,55.939,0.000,0.180,13.170,4.700,0.357,10.126,24.000,14.000,9.000,0.000,1.000,24.000,1.398,2.667,4.167
SB-105,71,ROL,0_1,0,1,HP,21.000,0.000,0.148,"1,600.000",0.000,0.000,0.000,,0.000,4.459,0.000,0.000,0.315,0.339,0.055,0.176,0.098,0.000,0.682,0.000,0.528,0.000,0.008,2.525,0.024,0.040,0.001,0.189,0.077,0.323,1.355,0.098,0.104,0.019,5.200,7.650,8.660,10.810,12.510,12.420,13.370,14.190,14.410,15.720,15.740,15.990,16.950,,16.610,16.610,0.346,0.252,0.270,1.378,3.110,3.215,2.777,3.455,2.563,2.123,2.130,1.765,2.233,2.210,,,0.050,0.864,3.010,52.017,0.000,0.060,11.960,6.000,0.502,26.489,"3,118.500",21.000,14.000,0.000,0.000,35.000,1.556,222.750,0.000
SB-105,72,ROL,1_0,1,0,LP,21.000,0.000,0.038,"1,600.000",0.000,0.060,0.000,0.000,1.063,9.560,1.191,0.000,0.115,0.476,0.049,0.536,0.072,0.000,4.048,0.000,0.001,0.000,0.000,0.004,0.013,0.000,0.000,0.286,0.099,0.312,3.360,0.155,0.293,0.005,5.620,8.400,10.100,12.350,14.000,11.800,14.750,14.240,14.040,14.660,14.930,15.310,15.750,,15.840,15.840,0.310,0.152,0.091,1.768,3.397,3.105,2.297,3.850,2.443,2.765,2.517,2.428,2.880,2.765,,,0.036,0.723,2.273,45.644,3.000,0.100,14.000,5.500,0.393,14.193,0.000,0.000,0.000,0.000,0.000,0.000,0.000,*,*
SB-105,73,ROL,1_1,1,1,LP,21.000,0.000,0.484,"124,000.000",400.000,0.000,0.000,0.000,0.000,2.612,0.000,0.000,0.244,0.927,0.071,0.519,0.199,0.000,0.411,0.000,0.432,0.000,0.127,0.005,0.007,0.081,0.005,0.456,0.031,0.333,1.100,0.132,0.107,0.004,6.290,8.400,9.500,11.620,13.750,11.370,13.900,13.860,12.830,13.600,13.870,14.330,14.500,,14.890,14.890,0.261,0.142,0.083,1.665,3.063,3.120,2.187,3.698,2.320,2.218,3.033,2.558,2.877,2.690,,,0.054,0.937,3.627,62.928,9.000,0.100,13.280,4.900,0.369,11.494,"1,147.500",9.000,26.000,0.000,0.000,35.000,1.556,44.135,0.000
SB-105,74,ROH,1_0,1,0,HP,21.000,0.000,0.074,"6,400.000",400.000,0.130,0.000,0.000,0.000,9.733,0.000,0.000,,,0.000,0.566,0.000,0.000,4.668,0.000,0.018,0.000,0.000,0.013,0.000,0.000,0.003,0.715,0.072,0.592,4.495,0.130,0.479,0.065,9.910,12.270,18.010,22.170,25.470,25.600,26.010,30.270,34.900,36.430,41.140,40.940,41.280,,43.730,43.730,1.025,0.937,1.477,2.855,4.493,5.073,4.073,4.040,4.853,4.603,4.033,4.870,3.673,3.498,,,0.153,1.685,3.499,38.532,11.000,0.170,40.090,15.700,0.392,14.053,0.000,0.000,0.000,0.000,0.000,0.000,0.000,*,*
SB-105,75,ROL,0_1,0,1,HP,9.000,0.000,0.147,"3,200.000",0.000,0.000,0.000,0.000,3.858,11.659,4.034,0.086,1.238,5.746,0.000,2.873,0.600,0.000,1.244,0.000,2.170,0.016,0.416,22.350,0.202,0.130,0.005,0.389,0.015,0.243,0.780,0.089,0.094,0.040,5.530,8.620,8.390,12.340,13.880,13.750,15.300,16.250,16.360,17.030,,,,16.620,,16.620,0.336,0.186,0.110,2.227,3.545,3.603,3.123,2.900,2.545,2.250,2.048,,,,,,0.098,0.880,5.897,52.948,0.000,0.090,15.940,5.000,0.314,5.245,0.000,4.000,5.000,0.000,0.000,9.000,1.000,0.000,0.000
SB-105,76,ROL,1_1,1,1,LP,9.000,0.000,0.273,400.000,0.000,0.000,0.030,,0.000,0.891,0.817,0.000,0.165,1.443,0.057,0.857,0.071,0.000,0.606,0.000,0.411,0.000,0.110,0.168,0.049,0.034,0.002,0.349,0.054,0.400,2.615,0.188,0.141,0.010,7.620,8.970,10.000,12.810,12.640,12.540,12.400,12.500,12.660,12.760,,,,13.120,,13.120,0.167,0.013,0.060,2.620,3.340,2.750,2.530,2.163,2.285,2.333,2.243,,,,,,0.048,0.658,3.666,50.152,0.000,0.140,12.650,4.600,0.364,10.891,0.000,1.000,0.000,0.000,0.000,1.000,0.301,*,0.000
SB-105,77,ROL,0_1,0,1,LP,21.000,0.000,0.258,400.000,0.000,0.000,0.000,,0.000,0.000,0.000,0.000,0.000,0.097,0.000,0.000,0.000,0.000,0.000,0.000,0.434,0.000,0.018,3.135,0.047,0.039,0.001,0.269,0.066,0.354,1.335,0.124,0.179,0.013,7.830,9.500,10.830,9.130,12.230,12.990,13.330,13.700,13.690,14.240,14.760,14.970,15.100,,15.530,15.530,0.233,0.278,0.183,2.820,2.265,2.820,3.478,2.370,2.620,2.743,3.143,2.550,3.023,2.640,,,0.039,0.617,2.511,39.730,0.000,0.030,14.470,5.600,0.387,13.532,"1,782.000",8.000,6.000,0.000,0.000,14.000,1.176,297.000,0.000
SB-105,78,ROL,0_1,0,1,HP,21.000,0.000,0.232,800.000,0.000,0.000,0.000,,0.000,2.137,0.000,0.000,0.188,0.211,0.000,0.217,0.000,0.000,0.000,0.000,0.465,0.000,0.017,2.435,0.064,0.023,0.001,0.296,0.076,0.262,2.170,0.138,0.379,0.025,7.030,9.220,11.080,13.200,14.220,13.600,15.170,15.840,15.960,15.680,16.540,16.350,16.600,,17.050,17.050,0.304,0.167,0.157,2.957,3.218,3.543,2.913,3.087,2.560,2.067,1.905,2.340,1.870,1.867,,,0.045,0.768,2.639,45.044,0.000,0.010,15.430,5.800,0.376,12.276,558.000,7.000,7.000,0.000,0.000,14.000,1.176,79.714,0.000
SB-105,79,ROL,1_1,1,1,HP,21.000,0.000,0.407,"6,400.000",0.000,0.536,,,0.000,3.304,0.000,0.026,0.000,1.249,0.077,0.735,0.091,0.000,0.155,0.000,0.411,0.017,0.119,0.057,0.041,0.027,0.025,0.141,0.227,0.414,3.835,0.259,0.764,0.007,5.540,8.250,9.620,11.520,12.370,10.230,12.090,12.580,12.620,14.230,13.880,14.350,14.280,,14.620,14.620,0.275,0.135,0.211,2.667,2.978,3.137,2.548,2.813,2.113,1.727,2.088,1.757,1.718,1.893,,,0.070,0.884,4.774,60.465,0.000,0.090,13.110,4.300,0.328,6.863,859.500,7.000,7.000,0.000,0.000,14.000,1.176,122.786,0.000
SB-105,80,ROH,0_1,0,1,HP,9.000,0.000,0.012,0.000,400.000,0.000,0.000,0.000,0.000,0.000,0.000,0.015,0.024,1.600,0.551,4.517,0.000,0.000,0.000,0.000,0.144,0.000,0.000,0.724,0.007,0.009,0.003,1.054,0.160,0.908,0.920,0.104,0.948,0.021,11.070,15.310,20.460,23.310,27.480,28.000,30.910,35.120,37.580,40.600,,,,41.410,,41.410,0.919,0.787,0.875,3.795,5.050,5.913,4.107,5.073,5.797,3.873,4.467,,,,,,0.167,2.323,4.033,56.098,25.000,0.190,37.820,15.000,0.397,14.618,1.500,9.000,15.000,0.000,0.000,24.000,1.398,0.100,0.000
SB-105,81,ROH,0_0,0,0,LP,21.000,0.000,0.000,0.000,0.000,0.000,0.000,0.000,0.000,0.000,0.000,0.000,0.000,0.000,0.000,0.000,0.000,0.000,0.000,0.000,0.004,0.000,0.000,0.015,0.016,0.000,0.000,1.250,0.095,0.489,1.785,0.091,0.449,0.015,9.050,12.080,16.400,21.120,25.930,23.940,30.390,31.110,31.850,33.200,32.400,34.150,34.810,,35.650,35.650,0.806,0.632,0.438,3.223,5.010,5.723,3.690,4.750,6.277,5.465,5.803,3.998,4.603,4.740,,,0.075,1.428,2.104,40.056,0.000,0.070,33.250,14.200,0.427,18.059,0.000,0.000,0.000,0.000,0.000,0.000,0.000,*,*
SB-105,82,ROH,1_1,1,1,LP,21.000,0.000,0.405,"496,000.000","12,800.000",0.000,0.000,,0.000,1.138,0.000,0.000,0.000,3.677,0.000,6.392,0.000,0.000,0.000,0.000,0.125,0.020,0.090,0.015,0.026,0.010,0.068,0.396,0.078,0.227,1.105,0.201,0.338,0.055,8.190,11.160,14.530,18.300,22.080,20.090,23.890,24.640,21.950,21.940,22.080,21.080,20.730,,20.020,20.020,0.358,0.075,-0.323,3.215,4.313,4.813,2.830,3.718,4.790,2.108,2.083,2.368,1.490,1.703,,,0.082,2.295,4.096,114.635,26.000,,17.550,5.700,0.325,6.501,,45.000,56.000,0.000,0.000,101.000,2.009,0.000,0.000
SB-105,83,ROH,0_1,0,1,LP,9.000,0.000,0.030,400.000,800.000,0.203,0.190,0.063,0.000,0.000,0.000,0.012,0.034,4.226,0.485,6.680,0.000,0.000,0.000,0.000,0.713,0.026,0.001,4.380,0.043,0.022,0.033,0.157,0.126,0.322,4.140,0.182,0.287,0.005,7.870,10.260,14.530,18.700,23.280,24.910,28.730,30.000,28.460,27.050,,,,26.500,,26.500,0.565,0.339,-0.186,3.263,4.597,4.988,4.080,4.928,5.043,3.878,3.530,,,,,,0.118,1.766,4.453,66.642,3.000,0.140,24.110,8.400,0.348,9.170,0.000,3.000,3.000,2.000,4.000,12.000,1.114,0.000,50.000
SB-105,84,ROH,1_1,1,1,HP,9.000,0.000,0.295,"12,800.000","1,600.000",0.039,,0.000,0.000,0.000,0.000,0.013,0.022,0.713,0.000,0.739,0.000,0.000,0.000,0.000,0.341,0.033,0.061,0.086,0.106,0.029,0.076,,,,,,,,6.930,9.780,13.390,16.940,22.090,19.360,23.900,25.910,28.030,29.490,,,,33.120,,33.120,0.794,0.703,0.768,3.235,4.347,5.008,2.827,4.450,4.153,2.790,3.487,,,,,,0.167,1.902,5.042,57.428,58.000,0.210,28.200,8.900,0.316,5.463,0.000,1.000,0.000,3.000,2.000,6.000,0.845,*,83.333
SB-105,85,ROH,1_0,1,0,HP,21.000,0.000,0.090,"25,600.000",0.000,0.030,,0.000,0.000,0.000,0.000,0.000,0.000,0.854,0.000,1.054,0.000,0.000,0.000,0.000,0.213,0.007,0.044,0.042,4.685,0.027,0.048,1.280,0.068,0.453,1.805,0.150,0.218,0.067,6.710,9.590,12.950,15.230,20.960,22.920,27.330,28.310,30.810,32.810,33.250,35.080,36.190,,36.420,36.420,0.900,0.921,0.758,3.093,3.820,4.880,4.120,4.378,4.410,3.990,3.813,3.200,3.853,3.728,,,0.107,1.681,2.932,46.156,34.000,0.090,33.750,12.000,0.356,9.978,0.000,0.000,0.000,0.000,0.000,0.000,0.000,*,*
SB-105,86,ROL,0_0,0,0,HP,21.000,0.000,0.026,0.000,0.000,0.004,0.000,0.000,0.000,7.344,0.000,0.000,0.000,0.000,0.000,0.000,0.000,0.000,1.003,0.000,0.001,0.000,0.000,0.014,0.000,0.000,0.000,0.036,0.006,0.118,0.601,0.102,0.053,0.002,7.390,10.000,11.720,13.680,14.930,13.910,14.670,16.440,16.570,17.980,17.220,17.570,18.030,,18.620,18.620,0.340,0.215,0.329,3.117,3.468,3.307,2.500,2.977,2.750,2.103,2.223,1.837,2.133,2.107,,,0.047,0.690,2.524,37.057,0.000,0.070,17.330,6.500,0.375,12.183,0.000,0.000,0.000,0.000,0.000,0.000,0.000,*,*
SB-105,88,ROL,0_1,0,1,LP,9.000,0.000,0.088,800.000,0.000,0.000,0.000,,0.000,9.281,0.000,,,,0.063,1.340,0.054,,,,1.030,0.002,0.001,2.625,0.032,0.026,0.008,0.255,0.083,0.016,3.415,0.253,0.269,0.003,8.480,10.650,11.970,13.730,15.210,15.170,14.920,15.540,14.920,15.110,,,,15.830,,15.830,0.223,0.091,0.076,3.170,3.515,3.587,2.993,3.017,3.195,2.773,2.978,,,,,,0.059,0.867,3.727,54.769,0.000,0.120,14.500,5.700,0.393,14.221,0.000,2.000,2.000,0.000,0.000,4.000,0.699,0.000,0.000
SB-105,95,ROL,0_0,0,0,LP,21.000,0.000,0.000,400.000,0.000,0.000,0.000,0.000,0.000,8.811,0.000,,,,0.000,0.000,0.000,0.000,2.000,0.000,0.671,0.000,6.540,0.138,4.010,0.039,0.000,0.001,0.000,0.020,0.007,0.015,0.006,0.001,6.340,7.290,8.190,10.310,12.590,12.700,14.790,13.200,14.010,14.370,14.960,15.170,16.090,,16.410,16.410,0.305,0.265,0.135,3.125,2.993,3.028,2.680,3.275,2.643,3.000,2.913,3.128,2.880,3.048,,,0.036,0.717,2.218,43.681,0.000,0.080,15.030,6.000,0.399,14.910,0.000,0.000,0.000,0.000,0.000,0.000,0.000,*,*
SB-105,99,ROL,1_0,1,0,HP,21.000,0.000,0.110,"124,000.000",0.000,0.000,0.000,0.000,0.000,5.024,0.000,0.000,0.000,0.134,0.000,0.000,0.000,0.000,1.446,0.000,0.409,0.001,0.040,0.022,1.735,0.031,0.003,3.215,0.044,0.546,1.595,0.115,0.117,0.084,8.860,10.440,10.850,14.570,15.670,15.230,16.580,17.350,19.320,19.120,19.790,20.140,21.920,,22.550,22.550,0.415,0.347,0.498,3.255,3.767,3.493,2.967,3.030,2.833,2.505,2.277,2.295,2.250,2.828,,,0.057,0.799,2.541,35.432,1.000,0.070,20.900,9.500,0.455,21.164,0.000,0.000,0.000,0.000,0.000,0.000,0.000,*,*
SB-105,100,ROL,1_0,1,0,LP,21.000,0.000,0.088,"1,600.000",0.000,0.045,,,0.000,6.129,0.000,0.000,0.000,0.341,0.000,0.309,0.000,0.000,0.000,0.000,0.338,0.002,1.369,0.034,1.620,0.017,0.010,0.004,0.000,0.005,0.008,0.001,0.000,0.000,7.970,9.010,9.620,12.890,14.130,13.240,14.760,13.800,14.430,14.760,15.690,15.910,16.990,,16.470,16.470,0.258,0.156,0.143,3.313,3.670,3.043,2.437,2.938,2.860,3.138,3.077,3.345,3.287,3.445,,,0.039,0.736,2.356,44.657,1.000,0.110,15.400,5.900,0.383,13.092,0.000,0.000,0.000,0.000,0.000,0.000,0.000,*,*
SB-105,101,ROL,0_1,0,1,HP,9.000,0.000,0.066,0.000,0.000,0.000,0.000,0.000,0.000,33.428,0.000,0.000,0.000,1.205,0.001,,0.040,0.000,2.045,0.000,0.220,0.000,0.000,0.454,0.003,0.004,0.002,1.750,0.089,0.645,0.964,0.139,0.000,0.039,6.480,7.390,8.190,9.730,11.240,12.300,14.400,14.700,15.530,15.490,,,,16.670,,16.670,0.309,0.302,0.189,3.125,2.620,2.913,2.907,2.873,2.830,2.065,1.977,,,,,,0.094,0.808,5.639,48.470,0.000,0.070,15.180,5.300,0.349,9.253,0.000,3.000,5.000,0.000,0.000,8.000,0.954,0.000,0.000
SB-105,104,ROL,1_1,1,1,LP,9.000,0.000,0.365,"1,600.000",400.000,0.097,,,0.000,7.871,0.000,0.000,0.138,1.316,0.116,1.244,0.361,0.068,0.643,0.000,0.573,0.040,0.138,0.029,0.136,0.061,0.025,0.496,0.094,0.360,1.575,0.124,0.704,0.031,5.590,7.340,9.330,10.700,13.320,13.530,15.970,13.800,14.050,14.760,,,,15.020,,15.020,0.286,0.188,-0.079,3.333,2.787,3.130,2.987,3.238,2.537,2.915,2.983,,,,,,0.054,0.760,3.595,50.599,3.000,0.110,14.410,5.600,0.389,13.714,0.000,3.000,1.000,1.000,2.000,7.000,0.903,0.000,42.857
SB-105,105,ROH,1_1,1,1,LP,21.000,0.000,0.620,"496,000.000",0.000,0.000,0.000,,0.000,1.018,0.000,0.000,0.000,3.656,0.000,3.258,0.000,0.000,0.456,0.000,0.620,0.038,0.207,0.078,0.024,0.058,0.069,0.038,0.008,0.212,0.395,0.175,0.355,0.011,12.560,14.650,19.150,24.730,31.100,32.320,35.930,37.030,33.130,32.350,31.590,31.610,31.000,,30.650,30.650,0.548,0.257,-0.440,3.858,5.693,5.678,5.053,5.318,5.087,3.868,3.717,3.523,3.690,3.218,,,0.111,2.471,3.618,80.630,53.000,0.180,28.210,10.400,0.369,11.459,0.000,0.000,0.000,0.000,0.000,0.000,0.000,*,*
SB-105,106,ROH,0_1,0,1,HP,9.000,0.000,0.077,0.000,400.000,0.000,0.000,0.000,0.000,0.000,0.000,0.000,0.000,1.721,0.328,3.527,0.000,0.000,0.000,0.000,0.621,0.002,0.001,2.025,0.020,0.030,0.009,1.145,0.001,0.180,0.070,0.066,0.166,0.357,12.080,16.220,21.950,26.370,31.620,31.920,35.780,38.090,31.530,38.340,,,,40.930,,40.930,0.874,0.633,0.429,3.990,5.007,5.943,5.093,5.485,5.907,2.305,3.537,,,,,,0.139,2.190,3.396,53.506,0.000,0.130,36.830,13.300,0.361,10.606,0.000,0.000,2.000,0.000,3.000,5.000,0.778,0.000,60.000
SB-105,107,ROH,0_0,0,0,HP,21.000,0.000,0.066,0.000,0.000,0.099,0.030,0.000,0.000,0.000,0.000,0.000,0.000,0.000,0.000,0.000,0.000,0.000,0.000,0.000,0.567,0.000,22.950,0.121,3.300,0.058,0.000,0.045,0.018,0.015,0.453,0.101,0.065,0.007,11.930,15.880,22.500,26.120,31.800,33.390,36.650,39.000,46.610,45.490,49.020,52.350,53.050,,54.510,54.510,1.290,1.234,1.488,4.303,5.273,6.248,5.723,5.195,6.273,5.485,5.143,4.910,5.990,4.970,,,0.133,1.866,2.444,34.232,0.000,0.080,50.320,24.600,0.489,25.042,0.000,0.000,0.000,0.000,0.000,0.000,0.000,*,*
SB-105,108,ROH,1_1,1,1,LP,9.000,0.000,0.434,"51,200.000",0.000,0.000,0.000,0.000,0.000,0.000,0.000,0.000,0.153,2.575,0.000,2.896,0.000,0.000,0.000,0.000,0.317,0.075,0.150,0.023,0.106,0.034,0.075,2.170,0.014,0.125,0.144,0.081,0.106,0.099,12.520,15.700,22.070,27.360,31.520,32.180,35.430,38.320,36.420,35.940,,,,37.260,,37.260,0.750,0.430,0.153,4.208,5.397,5.738,5.453,5.018,6.900,4.648,4.623,,,,,,0.138,2.080,3.704,55.824,36.000,0.140,32.850,13.400,0.408,15.894,0.000,1.000,0.000,0.000,0.000,1.000,0.301,*,0.000
SB-105,109,ROH,0_1,0,1,LP,21.000,0.000,0.124,"3,200.000",400.000,0.000,,0.000,0.000,0.000,0.000,0.000,0.000,0.697,0.000,0.876,0.000,0.000,0.000,0.000,0.474,0.002,0.090,6.665,0.036,0.105,0.009,0.246,0.057,0.330,1.735,0.114,0.072,0.004,12.180,16.070,22.200,25.870,30.970,30.030,33.970,33.780,34.510,33.980,33.620,33.260,33.720,,34.130,34.130,0.665,0.359,0.013,4.135,5.060,5.750,4.463,4.848,5.810,5.000,4.540,3.915,3.917,3.923,,,0.101,1.756,2.953,51.444,13.000,0.190,31.230,13.000,0.416,16.838,"1,566.000",9.000,14.000,0.000,0.000,23.000,1.380,111.857,0.000
SB-105,110,ROH,1_1,1,1,HP,9.000,0.000,0.240,"51,200.000",0.000,0.054,0.000,0.000,0.000,0.974,0.000,0.000,0.000,1.276,0.000,1.158,0.000,0.000,0.000,0.000,0.198,0.012,0.065,0.013,0.012,0.017,0.031,0.005,0.000,0.015,0.021,0.007,0.160,0.010,12.580,16.470,22.840,26.720,31.090,31.170,33.500,38.000,40.840,42.000,,,,41.770,,41.770,0.885,0.654,0.689,4.560,5.510,5.225,5.053,4.995,5.920,4.553,4.233,,,,,,0.163,2.170,3.902,51.951,44.000,0.010,36.330,14.900,0.410,16.145,0.000,0.000,0.000,0.000,0.000,0.000,0.000,*,*
SB-105,111,ROL,0_1,0,1,HP,21.000,0.000,0.234,"1,600.000",0.000,0.005,0.000,0.000,0.000,0.711,0.000,0.000,0.000,0.560,0.000,0.548,0.000,0.000,0.235,0.000,0.006,0.000,0.000,0.099,0.002,0.000,0.000,0.194,0.134,0.331,3.115,0.184,0.001,0.007,8.830,10.150,10.590,13.180,14.660,15.370,16.710,17.640,18.420,19.640,20.130,20.340,20.830,,20.620,20.620,0.357,0.323,0.326,2.000,3.733,3.793,3.107,3.168,3.033,2.320,2.520,2.298,2.347,2.443,,,0.073,1.004,3.535,48.705,0.000,0.080,18.100,7.600,0.420,17.248,"1,836.000",15.000,16.000,0.000,0.000,31.000,1.505,114.750,0.000
SB-105,113,ROL,0_1,0,1,LP,9.000,0.000,0.243,0.000,0.000,0.000,0.000,,1.780,6.828,0.000,0.431,0.774,3.019,0.076,5.179,0.825,0.000,1.760,0.000,0.592,0.006,0.000,1.500,0.015,0.016,0.009,0.024,0.000,0.033,0.017,0.020,0.317,0.006,9.110,10.970,12.100,14.400,15.250,15.240,15.940,15.200,15.430,15.220,,,,15.300,,15.300,0.188,0.039,-0.053,2.635,3.943,3.185,2.757,3.003,2.507,2.708,2.817,,,,,,,0.990,0.000,64.706,0.000,0.080,13.830,5.100,0.369,11.470,0.000,6.000,5.000,0.000,0.000,11.000,1.079,0.000,0.000
SB-105,115,ROL,0_0,0,0,HP,21.000,0.000,0.048,400.000,0.000,0.000,0.000,0.000,0.000,0.000,0.000,0.000,0.000,0.156,0.099,0.108,0.020,0.000,0.000,0.000,0.001,0.000,0.000,0.002,0.022,0.000,0.000,0.056,0.000,0.036,0.039,0.025,0.008,0.007,6.380,7.570,10.500,11.750,13.410,13.000,14.100,13.870,13.580,13.990,15.830,15.480,15.910,,16.080,16.080,0.294,0.188,0.165,2.805,3.250,3.495,2.917,3.275,2.153,1.918,2.017,2.368,1.883,2.090,,,0.038,0.562,2.332,34.969,0.000,0.060,15.220,5.400,0.355,9.892,0.000,0.000,0.000,0.000,0.000,0.000,0.000,*,*
SB-105,116,ROL,1_1,1,1,HP,21.000,0.000,0.803,"124,000.000",0.000,0.284,0.040,0.000,0.000,2.037,0.000,0.000,0.001,0.899,0.084,0.402,0.084,0.000,0.048,0.000,0.189,0.004,0.117,0.045,0.069,0.019,0.029,0.110,0.010,0.202,0.497,0.138,0.006,0.005,7.660,9.410,8.830,10.900,11.430,12.730,13.290,14.850,15.490,16.570,17.770,18.940,19.800,,19.310,19.310,0.353,0.366,0.502,1.930,2.793,2.583,3.167,2.720,2.913,1.960,2.317,2.420,2.663,2.530,,,0.077,1.168,3.972,60.497,18.000,0.090,17.450,6.900,0.395,14.482,10.500,6.000,3.000,0.000,0.000,9.000,1.000,3.500,0.000
SB-105,117,ROL,1_1,1,1,HP,9.000,0.494,0.684,"25,600.000",0.000,0.949,0.000,0.000,0.000,5.134,0.000,0.000,0.606,3.281,0.163,4.277,1.392,0.000,1.142,0.000,0.002,0.000,0.000,0.016,0.000,0.000,0.001,0.001,0.000,0.003,0.030,0.002,0.100,0.000,8.060,9.680,11.040,13.230,15.200,15.000,15.360,15.910,16.500,17.490,,,,17.660,,17.660,0.291,0.193,0.192,2.863,3.517,3.443,2.877,2.855,2.923,2.225,2.377,,,,,,0.102,1.150,5.776,65.119,3.000,0.090,15.880,5.400,0.340,8.226,0.000,0.000,0.000,0.000,0.000,0.000,0.000,*,*
SB-105,118,ROL,1_1,1,1,LP,21.000,0.000,1.631,"25,600.000",0.000,0.017,0.025,0.000,1.808,1.305,0.715,0.000,0.000,0.664,0.192,0.572,0.219,0.000,0.142,0.000,0.677,0.001,0.176,0.289,0.455,0.073,0.002,,,,,,,,7.930,9.260,10.270,11.610,13.460,15.210,16.470,14.980,13.420,14.060,14.210,14.460,14.710,,16.230,16.230,0.252,0.201,-0.020,2.463,2.940,3.775,3.513,2.785,2.413,1.873,2.547,2.645,2.267,2.610,,,0.074,1.274,4.566,78.509,6.000,0.050,14.070,5.500,0.391,13.972,0.000,48.000,60.000,0.000,0.000,108.000,2.037,0.000,0.000
SB-105,119,ROL,1_0,1,0,HP,21.000,0.000,0.167,800.000,0.000,0.051,0.430,0.000,0.000,3.073,1.317,0.000,0.000,0.421,0.042,0.137,0.019,0.000,0.704,0.000,0.005,0.000,0.000,0.004,0.000,0.000,0.000,0.001,0.000,0.001,0.000,0.006,0.000,0.001,7.780,9.830,11.110,13.300,14.440,15.120,16.640,17.220,18.170,18.120,17.910,18.710,19.540,,19.080,19.080,0.342,0.251,0.203,2.488,3.520,3.733,3.030,3.160,2.707,2.435,2.430,2.068,2.417,2.405,,,0.061,0.871,3.181,45.650,0.000,0.060,17.730,6.700,0.378,12.502,0.000,0.000,0.000,0.000,0.000,0.000,0.000,*,*
SB-105,120,ROH,0_1,0,1,HP,21.000,0.000,0.208,"124,000.000",800.000,0.000,0.000,0.000,2.381,4.681,0.000,0.000,0.816,3.366,0.240,4.809,0.681,0.000,0.371,0.000,0.262,0.005,0.001,1.035,0.018,0.017,0.041,0.264,0.102,0.315,1.665,0.109,0.001,0.004,15.950,20.990,24.290,30.510,35.750,34.500,36.870,40.510,45.520,48.010,49.530,49.110,50.020,,54.050,54.050,1.155,1.023,1.432,4.088,6.433,6.320,4.750,5.418,6.180,5.468,5.747,3.870,3.967,4.130,,,0.365,3.490,6.753,64.570,46.000,0.160,49.030,19.900,0.406,15.664,558.000,13.000,21.000,0.000,0.000,34.000,1.544,26.571,0.000
SB-105,121,ROH,1_1,1,1,HP,21.000,0.000,0.157,"496,000.000","6,400.000",0.000,0.000,0.000,1.743,5.752,0.000,0.000,0.330,1.734,0.000,1.895,0.120,0.000,0.764,0.000,0.351,0.079,0.153,0.013,0.125,0.058,0.292,0.957,0.027,0.195,0.383,0.122,0.110,0.026,15.700,19.980,26.030,30.090,34.440,34.930,38.470,40.900,43.360,45.920,47.340,45.190,46.920,,49.390,49.390,1.021,0.839,0.910,4.973,5.723,6.228,5.917,5.448,6.147,4.903,4.867,4.133,3.200,3.375,,,0.229,2.909,4.637,58.899,29.000,0.290,44.460,18.900,0.425,17.836,0.000,5.000,1.000,0.000,0.000,6.000,0.845,0.000,0.000
SB-105,122,ROH,0_0,0,0,HP,21.000,0.000,0.006,0.000,0.000,0.000,0.590,,0.000,2.936,0.000,0.000,0.000,0.234,0.000,0.436,0.000,0.000,0.641,0.000,0.003,0.000,0.000,0.006,0.000,0.000,0.000,0.090,0.200,0.276,1.895,0.187,0.140,0.008,13.520,17.920,24.480,31.460,34.500,34.620,38.590,40.500,45.160,49.090,51.310,52.910,55.220,,57.520,57.520,1.333,1.133,1.578,4.753,6.247,5.965,5.670,5.655,5.747,5.648,6.073,5.005,5.043,4.330,,,0.136,3.689,2.364,64.134,0.000,0.230,51.800,25.300,0.488,24.991,0.000,0.000,0.000,0.000,0.000,0.000,0.000,*,*
SB-105,123,ROH,1_1,1,1,LP,9.000,0.000,0.356,"25,600.000",0.000,0.095,0.280,1.346,0.000,0.000,0.000,0.000,0.000,1.011,0.000,1.738,0.000,0.000,0.000,0.000,0.415,0.019,0.133,0.025,0.015,0.084,0.075,0.823,0.004,0.213,0.162,0.068,0.476,0.057,13.940,17.060,24.350,30.010,34.430,34.090,37.930,36.790,34.350,34.860,,,,34.510,,34.510,0.623,0.196,-0.285,4.635,6.193,5.863,5.177,5.160,5.563,4.123,4.030,,,,,,0.136,2.552,3.941,73.950,21.000,0.190,31.800,11.200,0.352,9.599,0.000,0.000,0.000,1.000,0.000,1.000,0.301,*,100.000
SB-105,124,ROH,0_1,0,1,LP,9.000,0.000,0.067,0.000,0.000,0.027,0.000,0.000,0.000,0.000,0.000,0.000,0.000,1.434,0.000,1.988,0.000,0.000,0.000,0.000,0.031,0.000,0.000,0.301,0.002,0.001,0.004,2.945,0.100,0.360,0.842,0.104,0.174,0.053,18.030,22.610,29.150,33.310,37.880,36.770,40.360,40.090,40.780,40.670,,,,40.040,,40.040,0.667,0.293,-0.027,5.208,6.293,6.375,5.177,5.600,5.783,5.370,4.727,,,,,,0.164,2.311,4.096,57.717,0.000,0.300,35.720,14.000,0.392,14.089,0.000,2.000,1.000,0.000,3.000,6.000,0.845,0.000,50.000
SB-105,125,ROH,0_1,0,1,HP,9.000,0.000,0.056,"248,000.000",0.000,0.003,,0.000,0.000,0.000,0.000,0.000,0.000,4.353,0.000,5.017,0.000,0.000,0.000,0.000,0.877,0.015,0.000,1.795,0.033,0.027,0.028,0.002,0.001,0.019,0.024,0.012,0.242,0.005,17.070,20.560,24.760,30.170,34.940,32.610,38.690,41.820,47.080,50.610,,,,50.410,,50.410,1.010,0.880,0.977,4.023,6.203,6.373,5.143,5.245,7.207,5.845,6.430,,,,,,0.228,2.959,4.523,58.699,0.000,0.080,45.360,20.200,0.445,20.122,0.000,9.000,15.000,3.000,6.000,33.000,1.531,0.000,27.273
SB-105,128,ROH,1_0,1,0,LP,21.000,0.000,0.197,"496,000.000","1,600.000",0.000,0.000,0.000,0.000,0.000,0.000,0.000,0.000,0.285,0.000,0.173,0.000,0.000,0.000,0.000,0.189,0.001,0.000,0.034,1.915,0.008,0.026,0.425,0.056,0.182,0.558,0.108,0.011,0.046,12.840,16.920,19.740,25.510,29.180,29.790,33.420,33.990,31.880,31.030,31.560,30.380,30.520,,31.750,31.750,0.573,0.271,-0.139,3.688,5.567,5.228,4.857,4.618,4.913,4.115,3.277,3.345,3.343,3.195,,,0.079,2.158,2.488,67.969,50.000,0.150,29.830,11.300,0.379,12.606,0.000,0.000,0.000,0.000,0.000,0.000,0.000,*,*
SB-105,129,ROL,0_1,0,1,LP,21.000,0.000,0.226,"12,800.000",0.000,0.000,0.035,0.000,0.000,3.975,0.000,0.000,0.000,0.385,0.644,1.165,0.256,0.000,0.000,0.000,0.492,0.000,0.023,4.610,0.035,0.050,0.001,0.003,0.000,0.003,0.006,0.003,0.230,0.000,7.260,8.650,10.210,11.390,11.430,10.730,12.100,11.290,11.890,11.660,11.930,12.290,12.430,,12.980,12.980,0.173,0.069,0.073,2.778,3.657,2.713,2.487,2.803,2.103,2.260,2.543,1.605,2.197,2.128,,,0.046,0.776,3.544,59.784,0.000,0.100,12.190,3.800,0.312,5.026,"4,536.000",20.000,24.000,0.000,0.000,44.000,1.653,189.000,0.000
SB-105,131,ROL,0_0,0,0,LP,21.000,0.000,0.002,0.000,0.000,0.000,0.000,0.000,0.000,2.950,0.000,0.000,0.000,0.000,4.474,0.281,0.000,0.000,0.000,0.000,0.001,0.000,0.000,0.006,0.000,0.000,0.000,0.042,0.005,0.072,0.226,0.067,0.000,0.001,5.790,7.050,7.310,8.690,11.400,12.090,12.340,12.100,12.430,12.880,13.340,13.240,13.760,,14.020,14.020,0.249,0.232,0.140,2.095,2.797,3.038,3.087,2.578,2.580,2.715,2.673,2.583,2.500,2.558,,,0.026,0.657,1.854,46.862,0.000,0.080,13.390,5.100,0.381,12.840,0.000,0.000,0.000,0.000,0.000,0.000,0.000,*,*
SB-105,132,ROH,1_1,1,1,LP,21.000,0.000,,"496,000.000","3,200.000",0.000,0.830,0.000,0.000,3.430,0.000,0.000,0.000,2.780,0.000,0.133,3.855,0.000,0.573,0.000,0.155,0.034,0.151,0.009,0.021,0.032,0.129,2.560,0.030,0.378,0.599,0.066,0.075,0.025,15.910,19.360,25.790,30.170,35.780,34.960,39.160,38.970,34.590,35.490,34.840,34.850,32.270,,32.260,32.260,0.495,0.091,-0.575,4.988,5.513,5.925,5.157,5.233,5.070,3.543,4.103,3.878,3.487,3.083,,,0.160,2.579,4.960,79.944,54.000,0.070,27.540,10.800,0.392,14.114,0.000,2.000,0.000,0.000,0.000,2.000,0.477,*,0.000
SB-105,133,ROH,0_1,0,1,HP,9.000,0.000,0.018,0.000,400.000,0.025,0.000,0.000,0.000,3.277,2.244,0.605,0.000,0.663,0.044,7.943,0.000,0.000,0.000,0.000,0.543,0.057,0.176,,,0.074,0.078,0.083,0.000,0.066,0.011,0.044,0.320,0.043,15.710,19.400,26.840,30.720,34.370,33.570,37.610,40.080,46.000,45.880,,,,47.000,,47.000,0.948,0.708,0.783,5.033,5.570,5.275,5.490,5.058,5.840,5.730,4.010,,,,,,0.190,2.639,4.043,56.149,0.000,0.060,42.700,17.400,0.407,15.847,0.000,2.000,1.000,0.000,1.000,4.000,0.699,0.000,25.000
SB-105,134,ROH,1_1,1,1,HP,9.000,0.000,0.232,"496,000.000",800.000,0.000,0.000,0.000,0.000,0.000,0.000,0.000,0.000,0.132,0.062,0.096,0.062,0.000,0.000,0.000,,,,0.110,0.193,,,,,,,,,,14.610,17.670,24.520,29.290,35.050,34.260,38.190,40.560,42.980,43.410,,,,44.340,,44.340,0.901,0.654,0.513,4.150,5.503,5.925,5.353,4.968,6.217,4.665,3.507,,,,,,0.217,3.080,4.894,69.463,31.000,0.190,38.070,14.600,0.384,13.136,0.000,0.000,0.000,0.000,0.000,0.000,0.000,*,*
SB-105,135,ROH,0_1,0,1,HP,21.000,0.000,0.152,"25,600.000",0.000,0.000,0.000,0.000,0.000,0.000,0.000,4.384,2.473,9.968,0.376,20.805,2.397,0.000,1.163,0.000,0.087,0.000,0.000,0.401,0.002,0.001,0.005,0.233,0.003,0.296,0.077,0.046,0.057,0.064,13.470,16.430,17.850,25.380,30.640,29.870,35.290,40.000,42.940,46.560,50.540,51.280,54.050,,55.750,55.750,1.281,1.320,1.705,3.043,5.717,5.413,4.927,5.193,6.147,5.685,5.390,5.733,4.847,5.168,,,0.260,3.846,4.664,68.987,17.000,0.090,48.940,22.700,0.464,22.213,127.500,4.000,10.000,0.000,0.000,14.000,1.176,12.750,0.000
SB-105,136,ROH,1_1,1,1,HP,21.000,0.000,0.403,"496,000.000",0.000,0.000,0.000,0.000,0.000,0.000,0.000,0.000,0.016,1.207,0.000,0.000,0.000,0.000,0.000,0.000,0.092,0.012,0.091,0.038,0.005,0.047,0.069,0.330,0.003,0.158,0.144,0.094,0.294,0.135,13.140,15.080,20.950,27.100,32.860,32.150,36.240,37.870,39.660,41.440,43.410,44.380,48.470,,48.810,48.810,1.081,0.944,1.048,4.163,5.490,5.630,5.123,4.598,5.610,4.498,4.007,3.875,4.520,5.160,,,0.159,2.840,3.258,58.185,136.000,0.320,43.190,17.800,0.412,16.371,0.000,2.000,0.000,0.000,0.000,2.000,0.477,*,0.000
SB-105,137,ROH,0_1,0,1,HP,9.000,0.000,0.083,400.000,"1,600.000",0.000,0.000,0.000,0.000,0.000,0.000,0.000,0.000,2.926,0.048,2.246,0.081,0.000,0.000,0.000,,,,,,,,,,,,,,,15.810,18.460,22.850,28.310,32.990,33.250,38.610,40.940,43.950,47.110,,,,47.500,,47.500,0.960,0.834,0.741,4.275,5.690,5.520,5.133,5.830,6.140,4.970,5.457,,,,,,0.190,2.580,4.000,54.316,0.000,0.140,43.150,17.900,0.415,16.676,0.000,3.000,5.000,0.000,4.000,12.000,1.114,0.000,33.333
SB-105,138,ROH,1_0,1,0,HP,21.000,0.000,0.068,"248,000.000","3,200.000",0.000,0.000,0.000,0.000,0.000,0.000,0.000,0.000,0.001,0.000,0.000,3.218,0.000,0.000,0.000,0.042,0.000,0.000,0.032,0.526,0.004,0.007,0.330,0.130,0.000,0.881,0.148,0.230,0.072,15.840,18.380,24.200,29.800,34.760,35.400,38.850,40.800,45.200,47.090,46.590,48.810,53.410,,55.110,55.110,1.190,1.100,1.355,4.235,5.980,5.333,5.883,5.263,6.337,5.318,4.437,3.423,5.407,5.050,,,0.145,3.410,2.631,61.876,54.000,0.130,49.060,21.700,0.442,19.782,0.000,0.000,0.000,0.000,0.000,0.000,0.000,*,*
SB-105,139,ROH,1_1,1,1,HP,9.000,0.000,0.260,"248,000.000",800.000,0.048,0.000,0.000,0.000,0.000,0.000,0.000,0.000,0.138,0.034,0.096,0.048,0.000,0.000,0.000,0.367,0.066,0.089,0.018,0.084,0.035,0.126,1.595,0.027,0.312,0.348,0.088,0.315,0.187,13.440,16.660,22.400,27.820,32.490,32.450,36.310,40.330,41.490,42.870,,,,44.680,,44.680,0.947,0.733,0.698,4.085,5.713,5.460,5.097,4.900,6.400,4.650,4.200,,,,,,0.184,2.683,4.107,60.049,55.000,0.140,41.550,16.100,0.387,13.586,0.000,0.000,1.000,0.000,0.000,1.000,0.301,0.000,0.000
SB-105,140,ROH,1_0,1,0,HP,21.000,0.000,0.092,"51,200.000","6,400.000",0.000,0.125,0.000,0.000,0.000,0.000,0.000,0.000,0.008,0.000,0.000,0.000,0.000,0.000,2.901,0.006,0.000,0.000,0.015,0.232,0.000,0.003,0.001,0.000,0.008,0.023,0.003,0.354,0.000,20.190,23.830,29.850,34.880,36.650,36.450,41.390,45.000,45.420,46.300,47.280,52.680,53.620,,56.170,56.170,1.090,0.926,1.232,5.655,6.637,5.523,5.593,5.240,6.433,4.338,4.587,4.220,5.883,4.900,,,,3.310,0.000,58.928,70.000,0.240,49.060,22.100,0.450,20.703,0.000,0.000,0.000,0.000,0.000,0.000,0.000,*,*
SB-105,142,ROH,0_1,0,1,LP,9.000,0.000,0.074,0.000,400.000,0.000,0.150,0.000,0.000,0.000,0.000,0.000,0.000,0.903,0.053,0.486,0.039,0.000,0.000,0.000,,,,,,,,,,,,,,,11.790,15.400,20.400,27.340,31.010,32.730,34.630,35.570,35.790,32.890,,,,33.060,,33.060,0.645,0.249,-0.131,4.030,5.437,4.973,5.330,4.363,5.690,4.353,3.183,,,,,,0.164,1.997,4.961,60.405,0.000,0.210,31.210,10.900,0.349,9.265,0.000,17.000,11.000,0.000,0.000,28.000,1.462,0.000,0.000
SB-105,143,ROH,0_1,0,1,LP,21.000,0.000,0.272,"51,200.000",0.000,0.000,,0.000,0.000,,0.000,0.000,0.000,0.127,0.000,0.000,0.000,0.000,3.228,0.000,,,,,,,,,,,,,,,11.810,14.080,19.170,24.140,29.270,27.760,33.760,35.310,33.630,32.890,34.370,32.910,33.410,,34.060,34.060,0.674,0.431,0.025,3.980,4.933,5.425,4.967,5.163,5.973,4.928,4.443,4.398,3.907,3.725,,,0.156,2.304,4.580,67.645,24.000,0.210,29.100,12.000,0.412,16.398,"11,056.500",63.000,87.000,0.000,0.000,150.000,2.179,127.086,0.000
SB-105,144,ROH,1_1,1,1,LP,9.000,0.000,0.534,"248,000.000",400.000,0.003,0.300,0.000,0.000,0.000,0.000,0.000,0.000,0.264,0.025,0.111,0.016,0.000,0.000,0.000,0.096,0.016,0.105,0.002,0.012,0.059,0.104,0.003,0.000,0.003,0.005,0.003,0.407,0.000,14.720,18.030,25.860,29.940,32.200,33.050,36.920,37.450,34.860,34.850,,,,35.510,,35.510,0.630,0.242,-0.118,4.953,5.717,5.420,5.383,5.168,5.490,4.113,4.327,,,,,,0.140,2.184,3.943,61.504,39.000,0.220,32.100,12.500,0.389,13.803,0.000,0.000,0.000,0.000,1.000,1.000,0.301,*,100.000
SB-105,145,ROH,0_1,0,1,LP,21.000,0.000,0.257,"12,800.000",800.000,0.000,0.000,,0.000,0.000,0.000,0.000,0.000,2.326,0.000,0.005,0.000,0.000,1.240,0.000,0.017,0.000,0.000,0.454,0.002,0.000,0.002,0.003,0.001,0.036,0.049,0.014,0.000,0.005,20.460,24.270,30.730,33.850,36.710,37.350,41.710,41.970,39.210,38.310,38.240,38.220,36.460,,37.020,37.020,0.502,0.138,-0.391,5.833,6.223,5.865,6.040,5.638,5.343,4.548,3.870,3.500,3.430,2.793,,,0.145,2.234,3.917,60.346,44.000,0.180,32.550,13.500,0.415,16.666,"3,766.500",19.000,33.000,0.000,0.000,52.000,1.724,114.136,0.000
SB-105,146,ROH,0_1,0,1,HP,21.000,0.000,0.215,"6,400.000",0.000,0.000,0.000,0.000,0.000,0.000,0.000,0.060,,5.495,0.000,5.989,0.000,0.000,41.957,0.000,,,,,,,,,,,,,,,17.660,22.260,27.680,30.560,33.810,33.830,38.770,42.360,42.720,45.430,48.100,49.810,49.190,,50.620,50.620,0.999,0.872,0.987,5.135,5.890,5.725,5.167,5.770,6.480,4.818,4.673,4.420,4.537,3.245,,,0.475,3.375,9.384,66.673,66.000,0.070,43.120,17.800,0.413,16.447,166.500,16.000,34.000,0.000,0.000,50.000,1.708,4.897,0.000
SB-105,147,ROH,1_1,1,1,LP,21.000,0.000,0.599,"25,600.000","1,600.000",0.000,0.000,,0.000,0.978,0.000,0.075,0.036,2.029,0.000,2.812,0.000,0.000,0.000,0.000,0.151,0.067,0.112,0.012,0.006,0.025,0.092,0.018,0.000,0.054,0.044,0.034,0.015,0.030,15.650,18.230,25.530,29.680,34.280,33.940,38.520,39.900,36.050,36.570,35.620,35.300,34.860,,34.930,34.930,0.584,0.228,-0.299,4.498,5.943,6.060,5.460,5.298,6.363,4.245,4.493,3.873,3.730,3.858,,,0.109,1.930,3.121,55.253,83.000,0.080,31.450,13.100,0.417,16.868,3.000,3.000,1.000,0.000,0.000,4.000,0.699,3.000,0.000
SB-105,148,ROH,0_1,0,1,LP,21.000,0.000,0.212,"3,200.000",0.000,0.000,0.000,0.000,1.414,3.610,0.000,,,,1.084,1.825,2.276,0.366,3.383,0.000,,,,,,,,,,,,,,,15.020,18.300,24.880,30.240,32.350,33.060,36.770,36.250,34.900,34.380,31.650,31.050,32.180,,33.650,33.650,0.565,0.148,-0.260,4.585,5.943,5.573,5.630,5.108,5.043,4.070,3.737,2.630,3.067,3.870,,,0.133,2.233,3.952,66.360,25.000,0.080,29.310,12.300,0.420,17.221,"6,210.000",56.000,71.000,0.000,0.000,127.000,2.107,87.465,0.000
SB-105,149,ROH,1_1,1,1,LP,9.000,0.000,0.494,"248,000.000","3,200.000",0.000,,0.000,0.000,2.016,0.000,1.001,0.246,1.476,9.671,0.463,3.973,0.000,0.560,0.000,,,,,,,,,,,,,,,15.120,17.270,24.370,27.590,34.250,32.820,36.240,38.710,34.760,35.060,,,,34.510,,34.510,0.588,0.301,-0.144,4.075,5.260,5.810,4.633,4.728,6.530,4.550,4.133,,,,,,0.124,2.112,3.593,61.200,53.000,0.150,30.810,11.300,0.367,11.244,0.000,0.000,0.000,1.000,3.000,4.000,0.699,*,100.000
SB-105,150,ROH,0_0,0,0,LP,21.000,0.000,0.059,0.000,0.000,0.001,0.000,,0.000,7.631,,0.000,0.000,0.000,0.000,0.000,0.000,0.000,0.000,0.000,0.002,0.000,0.000,0.007,0.000,0.000,0.000,0.010,0.001,0.069,0.039,0.038,0.058,0.004,15.650,17.240,20.680,28.040,31.050,32.110,36.120,38.700,37.450,37.520,38.890,39.180,39.600,,41.830,41.830,0.793,0.600,0.476,3.378,5.903,5.680,5.623,5.125,6.737,5.763,4.717,5.425,5.070,5.163,,,0.086,1.870,2.056,44.705,0.000,0.150,37.610,17.000,0.452,20.877,0.000,0.000,0.000,0.000,0.000,0.000,0.000,*,*
SB-105,151,ROH,1_1,1,1,HP,21.000,0.000,0.426,"25,600.000",0.000,0.031,,0.000,0.000,0.971,0.000,0.000,0.000,0.339,0.000,0.000,0.000,0.000,0.000,0.000,0.529,0.105,0.146,0.011,0.033,0.090,0.132,0.003,0.000,0.002,0.008,0.000,0.117,0.000,13.170,16.630,21.730,25.330,29.560,29.120,34.830,36.360,39.020,40.550,40.880,43.230,44.720,,47.330,47.330,1.035,0.957,1.042,3.895,4.830,5.140,4.790,5.043,5.483,4.313,3.837,3.778,5.163,4.415,,,0.178,2.647,3.761,55.926,87.000,0.120,41.720,18.200,0.436,19.095,1.500,0.000,0.000,0.000,0.000,0.000,0.000,*,*
SB-105,153,ROH,1_1,1,1,LP,21.000,0.000,0.603,"12,800.000",0.000,0.031,0.000,0.993,0.000,1.965,0.000,0.000,0.000,0.221,0.000,0.000,0.000,0.000,0.000,0.000,,,,,,,,,,,,,,,12.400,13.940,18.050,23.390,30.060,28.920,33.350,33.900,32.490,32.650,35.480,34.620,35.010,,34.680,34.680,0.675,0.491,0.111,3.315,4.407,5.853,4.293,4.398,5.650,4.263,5.543,4.675,4.520,4.418,,,0.128,1.856,3.691,53.518,56.000,0.220,31.370,13.300,0.424,17.709,0.000,1.000,1.000,0.000,0.000,2.000,0.477,0.000,0.000
SB-105,154,ROH,0_1,0,1,HP,21.000,0.000,0.189,"6,400.000",0.000,0.000,0.000,0.000,0.925,3.565,0.000,0.000,0.000,3.934,0.000,0.070,0.000,0.000,0.000,0.000,,,,,,,,,,,,,,,12.910,16.190,21.870,27.000,31.570,30.240,34.200,36.800,42.390,43.500,47.250,44.760,45.460,,47.160,47.160,1.038,0.877,1.080,4.295,5.350,5.358,4.467,4.703,6.600,5.775,4.963,4.393,3.257,3.058,,,0.336,3.394,7.125,71.968,53.000,0.200,40.530,16.900,0.417,16.918,"1,831.500",18.000,56.000,0.000,0.000,74.000,1.875,32.705,0.000
SB-105,157,ROH,0_0,0,0,HP,21.000,0.000,0.000,"6,400.000",800.000,0.000,0.000,0.000,0.000,0.000,0.000,0.000,0.000,0.000,0.000,0.000,0.000,0.000,0.000,0.000,0.001,0.000,0.000,0.008,0.693,0.000,0.000,0.178,0.073,0.274,0.435,0.084,0.000,0.010,17.400,20.760,24.740,29.240,26.280,29.660,33.550,36.530,40.110,42.130,47.460,47.730,50.580,,52.690,52.690,1.069,1.020,1.595,4.613,4.893,4.428,4.567,5.823,5.527,4.463,5.520,5.310,4.977,5.333,,,0.113,2.237,2.145,42.456,0.000,0.060,48.980,22.800,0.465,22.401,0.000,0.000,0.000,0.000,0.000,0.000,0.000,*,*
SB-105,158,ROH,1_0,1,0,LP,21.000,0.000,,400.000,0.000,0.000,0.000,0.000,0.000,0.000,0.000,0.000,0.000,0.143,0.000,0.143,0.000,0.000,0.000,0.000,0.589,0.029,3.990,0.174,6.945,0.060,0.064,0.171,0.076,0.240,0.373,0.073,0.334,0.019,17.220,21.260,27.280,31.300,35.090,35.110,38.930,38.150,37.740,36.810,36.880,38.290,41.020,,42.240,42.240,0.758,0.476,0.276,5.238,5.630,6.460,5.880,5.148,5.360,5.458,4.470,4.683,4.787,6.393,,,0.095,1.960,2.249,46.402,41.000,0.160,38.410,17.100,0.445,20.107,0.000,0.000,0.000,0.000,0.000,0.000,0.000,*,*
SB-105,159,ROH,0_1,0,1,LP,21.000,0.000,0.137,0.000,0.000,0.000,0.000,0.000,0.000,0.000,0.000,0.000,0.000,0.000,0.000,0.000,0.000,0.000,0.000,0.000,,,,,,,,,,,,,,,18.990,22.600,27.960,30.490,34.910,35.830,39.880,38.040,37.390,39.470,36.580,35.540,35.400,,35.690,35.690,0.506,0.226,-0.349,4.623,5.987,6.368,5.853,5.463,4.847,4.508,4.240,3.573,3.407,4.015,,,0.144,2.156,4.035,60.409,31.000,0.100,33.470,13.800,0.412,16.391,"9,706.500",63.000,70.000,0.000,0.000,133.000,2.127,138.664,0.000
SB-105,160,ROH,0_1,0,1,HP,9.000,0.000,0.011,0.000,"51,200.000",0.000,0.000,0.000,0.000,3.622,0.000,0.000,0.954,12.470,0.000,27.519,0.000,0.000,0.558,0.000,,,,,,,,,,,,,,,17.390,22.920,28.980,31.070,34.750,34.980,40.140,41.630,46.680,50.300,,,,53.030,,53.030,1.080,0.955,1.074,4.928,5.323,6.338,5.410,6.155,5.673,5.865,6.257,,,,,,0.222,3.363,4.186,63.417,0.000,0.120,46.530,21.000,0.451,20.799,0.000,3.000,2.000,1.000,5.000,11.000,1.079,0.000,54.545
SB-105,161,ROH,1_1,1,1,HP,9.000,0.000,,400.000,0.000,0.000,0.000,0.000,,,,,,,,,,,,,,,,,,,,,,,,,,,21.550,27.220,32.270,36.270,38.060,38.180,40.730,43.220,46.450,50.410,,,,51.950,,51.950,0.921,0.682,0.935,5.388,5.993,6.065,5.627,5.073,5.767,5.273,5.677,,,,,,0.196,3.156,3.773,60.751,59.000,0.130,44.650,19.700,0.441,19.657,0.000,0.000,0.000,0.000,0.000,0.000,0.000,*,*
SB-105,162,ROL,1_0,1,0,LP,21.000,0.000,0.102,0.000,0.000,0.000,0.000,0.000,0.000,1.794,0.000,0.000,0.000,0.185,0.000,0.185,0.000,0.000,0.695,0.000,0.085,0.000,0.000,0.006,0.076,0.003,0.001,0.105,0.092,0.292,1.605,0.105,0.467,0.003,7.980,8.940,9.300,9.770,12.370,12.290,14.310,12.980,13.970,14.050,14.570,14.960,15.720,,16.000,16.000,0.243,0.271,0.141,2.098,2.383,3.263,2.907,3.305,2.470,3.100,3.383,3.165,3.313,3.408,,,0.040,0.898,2.500,56.125,4.000,0.090,14.750,5.400,0.366,11.169,3.000,0.000,0.000,0.000,0.000,0.000,0.000,*,*
SB-105,163,ROL,1_1,1,1,HP,9.000,0.000,0.271,"6,400.000",0.000,0.206,0.000,0.000,,,,,,,,,,,,,0.928,0.092,0.178,0.075,0.278,0.051,0.044,,,,,,,,7.250,8.950,7.820,7.730,7.040,9.660,9.580,12.120,13.220,14.180,,,,14.810,,14.810,0.229,0.308,0.436,1.835,2.000,1.855,2.643,2.565,2.670,1.995,2.013,,,,,,0.099,1.149,6.685,77.583,0.000,0.020,13.600,4.200,0.309,4.697,0.000,2.000,1.000,2.000,2.000,7.000,0.903,0.000,57.143
SB-105,164,ROL,0_1,0,1,HP,9.000,0.000,0.381,0.000,0.000,0.000,0.000,0.000,,,,,,,,,,,,,0.856,0.014,0.008,3.740,0.096,0.045,0.004,0.972,0.109,0.611,2.025,0.078,0.222,0.045,9.130,11.010,10.460,13.370,14.780,15.280,16.210,15.940,16.910,17.110,,,,17.480,,17.480,0.253,0.179,0.106,2.180,3.390,3.670,3.163,3.198,2.560,2.305,2.133,,,,,,0.116,1.449,6.636,82.895,0.000,0.050,16.030,5.300,0.331,7.161,0.000,37.000,49.000,1.000,2.000,89.000,1.954,0.000,3.371
SB-105,165,ROL,0_0,0,0,HP,21.000,0.000,0.003,0.000,"1,600.000",0.019,0.000,0.000,0.000,0.000,0.000,0.324,0.000,1.432,0.324,1.432,0.000,0.000,0.172,0.000,0.001,0.000,0.000,0.007,0.000,0.000,0.000,0.084,0.062,0.320,1.930,0.219,0.393,0.002,9.190,11.740,12.920,14.600,15.500,16.080,16.420,17.370,17.260,17.860,18.910,19.410,20.390,,21.210,21.210,0.364,0.287,0.399,2.683,3.443,3.298,3.167,3.123,2.753,2.150,2.370,2.338,2.417,2.538,,,0.063,0.971,2.970,45.780,0.000,0.130,20.050,7.700,0.384,13.197,0.000,0.000,0.000,0.000,0.000,0.000,0.000,*,*
SB-105,166,ROL,1_1,1,1,HP,9.000,0.000,0.509,0.000,"6,400.000",0.223,0.000,,,,,,,,,,,,,,0.232,0.021,0.027,0.002,0.017,0.016,0.025,2.790,0.004,0.378,0.215,0.064,0.233,0.059,6.570,7.910,9.390,10.690,9.970,11.130,9.700,11.390,9.030,12.270,,,,13.480,,13.480,0.209,0.121,0.315,2.435,0.830,2.543,3.257,1.845,2.340,1.130,2.427,,,,,,0.093,1.209,6.899,89.688,0.000,0.040,12.280,4.000,0.326,6.608,0.000,11.000,12.000,5.000,11.000,39.000,1.602,0.000,41.026
SB-105,167,ROL,0_1,0,1,LP,9.000,0.000,0.150,0.000,"12,800.000",0.016,,,,,,,,,,,,,,,,,,,,,,,,,,,,,7.380,8.130,8.620,9.910,8.590,8.930,9.070,11.290,12.000,12.070,,,,12.220,,12.220,0.147,0.100,0.263,2.213,0.430,2.070,2.267,2.265,2.983,2.810,2.447,,,,,,0.053,0.887,4.337,72.586,0.000,0.100,10.980,4.100,0.373,11.995,0.000,21.000,22.000,0.000,0.000,43.000,1.643,0.000,0.000
SB-105,168,ROL,1_0,1,0,LP,21.000,0.000,0.112,0.000,800.000,0.116,0.000,0.000,0.000,9.099,0.000,0.596,0.267,0.093,0.596,0.093,0.267,0.000,2.576,0.000,0.001,0.000,0.000,0.003,0.000,0.000,0.000,0.101,0.066,0.227,0.774,0.092,0.216,0.002,8.960,10.080,10.790,12.800,13.270,13.210,14.760,13.640,13.860,14.700,14.790,15.070,15.260,,15.550,15.550,0.200,0.120,0.066,2.348,3.193,2.735,2.557,3.000,2.253,2.793,3.177,2.633,2.743,2.750,,,0.043,0.795,2.765,51.125,0.000,0.050,14.140,5.200,0.368,11.356,0.000,0.000,0.000,0.000,0.000,0.000,0.000,*,*
SB-105,169,ROL,1_1,1,1,HP,21.000,0.000,1.704,"3,200.000",0.000,0.049,0.000,0.000,0.000,8.539,0.000,0.000,0.469,1.496,0.000,1.496,0.469,0.000,0.389,0.000,0.073,0.001,0.053,0.002,0.014,0.028,0.021,0.228,0.064,0.385,0.480,0.069,0.161,0.004,6.870,7.830,8.230,10.910,11.770,11.670,12.980,13.420,13.710,14.900,15.850,15.640,16.940,,17.280,17.280,0.315,0.277,0.358,2.078,3.473,2.815,2.373,2.800,2.557,1.743,2.363,1.993,1.623,2.015,,,0.150,1.592,8.681,92.130,0.000,0.050,14.240,4.800,0.337,7.890,"1,053.000",51.000,60.000,0.000,0.000,111.000,2.049,17.550,0.000
SB-105,170,ROL,0_1,0,1,HP,9.000,0.000,0.291,0.000,0.000,0.004,,0.000,,,,,,,,,,,,,,,,,,,,,,,,,,,9.050,9.850,10.410,12.370,13.250,14.190,14.750,16.160,15.750,16.840,,,,17.370,,17.370,0.252,0.217,0.218,2.460,2.910,3.045,3.167,2.998,2.843,2.103,2.347,,,,,,0.139,1.469,8.002,84.571,0.000,0.110,15.530,4.700,0.303,3.998,0.000,39.000,41.000,0.000,0.000,80.000,1.908,0.000,0.000
SB-105,171,ROL,1_0,1,0,LP,21.000,0.000,0.187,800.000,0.000,0.000,0.000,,0.000,3.007,0.000,0.000,0.000,0.464,0.000,0.464,0.000,0.000,0.000,0.000,0.068,0.000,0.000,0.004,0.979,0.004,0.003,0.172,0.095,0.275,0.777,0.074,0.000,0.010,6.290,8.100,9.570,11.180,12.370,11.850,12.110,13.030,14.410,14.520,14.670,15.250,15.640,,15.510,15.510,0.279,0.188,0.283,2.485,2.800,2.893,2.273,2.363,2.710,2.328,2.013,1.918,2.007,1.898,,,,0.757,0.000,48.807,14.000,0.060,13.940,4.700,0.337,7.899,0.000,0.000,0.000,0.000,0.000,0.000,0.000,*,*
SB-105,172,ROL,0_0,0,0,LP,21.000,0.000,0.005,"1,600.000",0.000,0.092,0.000,0.000,0.000,2.136,0.000,0.000,0.000,0.000,0.000,0.000,0.000,0.000,0.000,0.000,0.001,0.000,0.000,0.018,0.000,0.000,0.000,0.089,0.074,0.251,0.770,0.092,0.271,0.001,6.080,7.630,8.520,8.450,10.610,12.000,12.650,12.330,12.810,14.460,14.380,14.250,15.030,,15.330,15.330,0.280,0.299,0.223,2.243,1.747,3.055,3.160,2.693,2.357,3.170,3.407,2.873,3.007,3.015,,,0.034,0.700,2.218,45.662,0.000,0.060,13.990,5.700,0.407,15.840,0.000,0.000,0.000,0.000,0.000,0.000,0.000,*,*
SB-105,174,ROL,0_1,0,1,LP,21.000,0.000,0.219,"6,400.000",400.000,0.040,0.255,0.000,0.000,4.556,0.000,0.000,0.000,0.364,0.000,0.364,0.000,0.000,0.000,0.000,0.256,0.000,0.000,1.500,0.012,0.021,0.001,0.003,0.000,0.005,0.001,0.003,0.152,0.000,6.990,8.250,9.180,9.740,11.400,13.020,13.530,13.200,13.460,14.110,13.990,14.770,14.800,,15.670,15.670,0.263,0.258,0.178,2.403,2.330,2.965,3.090,2.733,2.490,2.925,2.860,2.390,3.093,2.775,,,0.057,1.178,3.638,75.175,0.000,0.100,13.780,5.300,0.385,13.262,"15,039.000",58.000,57.000,0.000,0.000,115.000,2.064,263.842,0.000
SB-105,175,ROL,1_1,1,1,LP,21.000,0.000,1.486,"3,200.000",0.000,0.049,,0.000,0.000,6.601,0.000,0.000,0.000,0.730,0.000,0.730,0.000,0.000,0.047,0.000,0.650,0.004,0.184,0.059,0.027,0.083,0.007,0.085,0.000,0.112,0.039,0.012,0.001,0.004,7.600,9.000,9.900,10.020,13.070,12.700,12.910,13.420,12.660,14.030,13.120,13.310,14.410,,15.200,15.200,0.230,0.225,0.191,2.445,2.540,3.620,2.420,2.558,2.690,1.988,3.047,2.133,2.367,3.013,,,0.080,1.167,5.263,76.776,0.000,0.080,13.410,5.200,0.388,13.618,"3,037.500",60.000,72.000,0.000,0.000,132.000,2.124,42.188,0.000
SB-105,176,ROL,0_1,0,1,HP,21.000,0.000,0.336,"1,600.000","3,200.000",0.000,0.000,0.000,0.000,0.000,0.000,0.000,0.726,0.410,0.000,0.410,0.726,0.000,0.000,0.000,0.091,0.000,0.000,0.143,0.001,0.006,0.001,0.299,0.060,0.410,0.481,0.050,0.052,0.021,8.160,9.230,9.770,12.660,14.570,15.700,15.860,15.940,16.880,17.270,17.670,19.280,18.640,,18.800,18.800,0.322,0.267,0.245,2.460,3.370,3.575,3.300,2.930,2.493,2.313,2.203,2.123,2.300,2.095,,,0.106,0.994,5.638,52.872,0.000,0.130,17.060,5.200,0.305,4.243,"10,287.000",35.000,39.000,0.000,0.000,74.000,1.875,263.769,0.000
SB-105,177,ROH,0_0,0,0,LP,21.000,0.000,0.037,"1,600.000",0.000,0.000,0.000,0.000,,,,,,,,,,,,,0.026,0.000,0.000,0.012,0.182,0.000,0.000,0.051,0.035,0.204,0.157,0.189,0.265,0.007,17.840,22.590,27.210,31.170,35.660,34.140,39.100,39.060,37.030,38.290,35.820,38.540,38.300,,39.750,39.750,0.664,0.373,0.054,4.963,5.433,6.065,4.787,5.623,5.187,4.348,4.543,3.525,4.553,4.145,,,0.088,1.540,2.214,38.742,0.000,0.320,36.590,15.100,0.413,16.433,0.000,0.000,0.000,0.000,0.000,0.000,0.000,*,*
SB-105,178,ROH,0_1,0,1,LP,9.000,0.000,0.032,0.000,"6,400.000",0.023,1.260,0.000,,,,,,,,,,,,,,,,,,,,,,,,,,,13.380,15.920,21.950,27.980,33.010,31.040,36.800,36.710,35.540,36.100,,,,36.090,,36.090,0.688,0.353,-0.059,3.880,5.270,5.810,4.633,5.665,5.423,5.305,5.873,,,,,,0.144,2.230,3.990,61.790,12.000,0.220,31.800,13.100,0.412,16.350,0.000,21.000,18.000,0.000,0.000,39.000,1.602,0.000,0.000
SB-105,179,ROL,0_1,0,1,HP,21.000,0.000,0.504,"51,200.000",0.000,0.095,0.640,0.000,0.000,8.595,0.000,0.000,0.000,1.029,0.003,1.187,0.095,0.660,0.063,0.000,,,,,,,,,,,,,,,7.760,9.520,10.360,12.430,12.470,11.840,13.800,15.310,15.730,16.010,16.220,16.830,16.680,,17.340,17.340,0.290,0.213,0.295,2.340,3.093,2.930,2.778,3.747,2.428,2.180,1.900,1.757,2.153,2.070,,,0.087,0.922,5.017,53.172,0.000,0.140,15.450,5.500,0.356,10.027,"8,613.000",19.000,44.000,0.000,0.000,63.000,1.806,195.750,0.000
SB-105,180,ROL,1_1,1,1,LP,9.000,0.000,0.197,800.000,"6,400.000",0.046,0.000,0.000,0.000,4.315,3.442,0.000,0.000,0.420,1.355,0.299,0.000,0.000,0.476,0.000,0.590,0.005,0.164,0.009,0.015,0.044,0.010,0.000,0.000,0.002,0.003,0.015,0.217,0.000,7.100,8.700,9.350,12.120,13.220,12.870,14.080,14.160,14.630,15.040,,,,15.750,,15.750,0.262,0.158,0.139,2.177,3.108,2.973,2.560,3.163,2.783,2.547,3.425,,,,,,0.039,0.775,2.476,49.206,6.000,0.080,14.590,5.900,0.404,15.496,0.000,0.000,0.000,0.000,0.000,0.000,0.000,*,*
SB-105,181,ROL,1_1,1,1,LP,21.000,1.147,0.582,"124,000.000",0.000,1.444,0.000,0.000,0.000,5.337,0.000,0.000,0.000,0.721,0.003,0.281,1.570,1.550,0.710,0.354,0.309,0.005,0.122,0.005,0.003,0.029,0.015,0.145,0.024,0.131,0.315,0.015,0.000,0.005,8.230,9.690,9.790,10.790,12.540,14.080,14.960,14.190,14.320,14.990,15.330,15.390,15.310,,16.290,16.290,0.244,0.239,0.111,1.947,3.090,2.533,3.313,2.883,2.520,2.783,3.278,3.137,2.608,2.470,,,0.067,0.933,4.113,57.274,3.000,0.140,14.180,5.800,0.409,16.020,87.000,4.000,6.000,0.000,0.000,10.000,1.041,14.500,0.000
SB-105,182,ROL,0_1,0,1,LP,21.000,0.000,0.423,"25,600.000","6,400.000",0.001,0.000,0.000,0.000,7.522,0.000,0.000,0.000,1.035,0.000,1.243,0.000,0.000,0.114,0.000,,,,,,,,,,,,,,,9.810,11.480,8.820,10.260,11.910,12.060,14.800,14.870,14.260,14.290,14.900,15.980,16.410,,16.070,16.070,0.190,0.253,0.106,0.817,2.738,3.053,2.985,3.793,2.390,2.077,2.743,2.687,2.963,2.727,,,0.065,0.867,4.045,53.951,0.000,0.060,14.590,6.200,0.425,17.819,"2,268.000",37.000,37.000,0.000,0.000,74.000,1.875,61.297,0.000
SB-105,183,ROL,1_1,1,1,HP,21.000,0.000,0.433,"248,000.000","12,800.000",0.202,0.320,0.000,0.000,6.535,0.000,0.000,0.000,1.037,0.120,1.397,0.119,0.000,0.155,0.005,0.207,0.001,0.079,0.002,0.001,0.016,0.004,0.143,0.023,0.296,0.376,0.078,0.170,0.009,9.580,11.900,12.800,13.710,13.240,12.790,15.810,17.150,16.870,19.110,18.990,19.750,19.240,,20.220,20.220,0.322,0.283,0.368,2.353,3.413,2.607,2.720,3.820,2.683,1.867,2.573,2.360,2.413,1.973,,,0.086,1.074,4.253,53.116,21.000,0.130,18.060,7.000,0.388,13.598,51.000,2.000,3.000,0.000,0.000,5.000,0.778,17.000,0.000
SB-105,184,ROH,0_1,0,1,HP,21.000,0.000,0.236,"248,000.000",0.000,0.000,0.000,0.000,0.000,8.557,0.000,0.000,0.832,3.297,2.090,1.653,0.426,0.000,0.151,0.000,,,,,,,,,,,,,,,19.730,25.110,31.510,32.850,34.630,34.660,38.010,42.570,46.860,48.190,45.810,45.900,45.860,,46.750,46.750,0.819,0.604,0.728,5.485,5.940,4.988,5.033,5.518,6.543,5.545,4.927,3.275,3.587,3.853,,,0.362,2.819,7.743,60.299,56.000,0.120,40.620,15.900,0.391,14.032,252.000,11.000,15.000,0.000,0.000,26.000,1.431,16.800,0.000
SB-105,185,ROH,1_0,1,0,HP,21.000,0.000,0.152,"124,000.000","1,600.000",0.066,,0.000,0.000,2.020,0.000,0.000,0.000,0.620,0.000,5.945,2.018,0.946,0.022,0.000,,,,,,,,,,,,,,,21.510,26.320,31.280,34.340,37.130,35.540,39.690,43.400,48.200,52.270,55.110,56.850,57.810,,61.320,61.320,1.206,1.173,1.803,5.363,5.603,5.890,4.973,4.825,6.740,6.118,6.180,5.630,5.897,5.480,,,0.172,2.932,2.805,47.815,87.000,0.360,53.900,25.700,0.477,23.679,0.000,0.000,0.000,0.000,0.000,0.000,0.000,*,*
SB-105,186,ROH,1_1,1,1,LP,21.000,0.000,0.817,"496,000.000",400.000,0.035,0.500,2.420,0.000,2.318,0.000,0.000,0.407,1.165,0.000,1.492,0.280,1.250,0.069,0.000,,,,,,,,,,,,,,,17.150,20.020,26.260,30.320,36.130,32.470,37.190,37.210,36.860,37.570,37.620,36.270,34.590,,36.570,36.570,0.588,0.272,-0.052,4.703,4.893,5.790,4.423,4.713,5.637,4.065,3.967,5.695,3.817,3.265,,,0.122,1.822,3.336,49.822,95.000,0.140,32.440,14.300,0.441,19.612,0.000,2.000,1.000,0.000,0.000,3.000,0.602,0.000,0.000
SB-105,187,ROH,0_1,0,1,HP,9.000,0.000,0.036,400.000,800.000,0.062,0.000,0.000,0.000,0.000,0.000,0.013,0.015,2.851,0.000,1.964,0.000,0.000,0.000,0.000,,,,,,,,,,,,,,,14.850,13.220,16.150,18.300,19.850,21.420,27.420,31.340,38.040,40.080,,,,43.240,,43.240,0.860,1.084,1.318,2.645,3.293,3.258,4.043,5.428,4.857,5.345,4.343,,,,,,0.228,2.823,5.273,65.287,0.000,0.180,38.840,14.800,0.381,12.859,4.500,2.000,1.000,1.000,9.000,13.000,1.146,4.500,76.923
SB-105,188,ROH,1_1,1,1,HP,21.000,0.000,0.334,"51,200.000",0.000,0.009,0.000,0.000,0.000,0.000,0.000,0.000,0.463,0.494,0.000,12.444,0.379,0.000,0.000,0.000,,,,,,,,,,,,,,,20.410,23.690,28.020,32.450,35.340,33.940,37.770,41.450,43.090,46.070,48.680,51.480,54.190,,56.380,56.380,1.090,1.040,1.551,4.800,5.840,5.760,4.970,4.515,6.263,4.755,4.760,5.285,6.243,5.453,,,0.149,2.558,2.643,45.371,133.000,0.290,50.760,24.600,0.485,24.564,4.500,0.000,0.000,0.000,0.000,0.000,0.000,*,*
SB-105,189,ROH,1_1,1,1,LP,9.000,0.000,0.230,"248,000.000","1,600.000",0.000,0.000,0.000,0.000,0.000,,1.720,0.018,1.249,0.000,1.050,0.270,0.000,0.000,0.000,,,,,,,,,,,,,,,26.020,28.650,32.240,35.010,38.030,38.750,41.350,41.160,41.940,37.260,,,,39.430,,39.430,0.406,0.192,-0.160,5.378,5.757,6.000,5.703,4.945,5.353,4.440,5.200,,,,,,0.112,2.690,2.840,68.222,87.000,0.140,34.750,13.800,0.397,14.675,0.000,0.000,0.000,0.000,0.000,0.000,0.000,*,*
SB-105,190,ROH,0_1,0,1,LP,21.000,0.000,0.201,"248,000.000",0.000,0.006,,0.000,0.000,2.007,0.000,0.000,0.000,0.722,0.000,0.842,0.188,0.000,0.272,0.000,,,,,,,,,,,,,,,19.320,23.680,29.720,30.930,35.980,35.700,37.560,37.280,36.770,37.130,36.940,35.850,37.490,,38.090,38.090,0.569,0.311,0.044,5.203,4.880,5.603,5.737,5.233,4.997,4.965,4.500,3.935,4.327,4.630,,,0.154,2.284,4.043,59.963,49.000,0.260,34.290,14.800,0.432,18.572,"2,970.000",48.000,36.000,0.000,0.000,84.000,1.929,82.500,0.000
SB-105,191,ROH,1_1,1,1,HP,9.000,0.000,0.460,"248,000.000",0.000,0.000,,0.000,0.000,0.000,0.000,0.883,0.403,4.104,0.705,6.333,0.000,9.445,9.572,7.584,,,,,,,,,,,,,,,15.310,18.080,22.910,25.600,31.010,32.960,34.060,36.760,41.140,43.590,,,,44.440,,44.440,0.883,0.819,0.865,4.183,4.290,5.778,5.343,4.405,5.863,5.153,4.780,,,,,,0.264,3.262,5.941,73.402,49.000,0.170,40.010,15.200,0.380,12.729,0.000,0.000,0.000,0.000,0.000,0.000,0.000,*,*
SB-105,192,ROH,0_1,0,1,LP,9.000,0.000,0.064,800.000,0.000,0.011,0.000,,0.000,3.908,0.000,0.000,0.251,10.324,0.000,6.309,0.000,0.000,0.000,0.000,,,,,,,,,,,,,,,22.380,26.840,32.130,33.990,37.020,38.890,39.520,41.170,39.520,39.190,,,,37.900,,37.900,0.470,0.170,-0.135,5.825,5.923,6.345,5.947,4.853,6.023,4.240,3.893,,,,,,,2.476,0.000,65.330,0.000,0.220,33.610,13.700,0.408,15.861,0.000,3.000,5.000,3.000,5.000,16.000,1.230,0.000,50.000
SB-105,193,ROH,1_1,1,1,LP,9.000,0.000,0.444,"124,000.000",800.000,0.027,,0.000,0.000,0.000,0.000,0.000,0.000,0.000,0.000,18.633,0.000,0.000,0.000,0.000,,,,,,,,,,,,,,,17.220,20.760,24.080,30.030,35.280,34.320,37.340,38.110,34.360,34.490,,,,34.750,,34.750,0.531,0.205,-0.216,3.435,5.307,5.830,6.000,4.505,5.657,3.805,4.940,,,,,,0.148,2.586,4.259,74.417,80.000,0.120,30.590,11.700,0.382,13.020,0.000,1.000,1.000,0.000,0.000,2.000,0.477,0.000,0.000
SB-105,194,ROH,1_1,1,1,LP,21.000,0.000,0.804,"248,000.000",0.000,0.002,0.000,0.000,0.000,8.078,0.000,0.144,0.368,5.998,0.015,0.000,0.311,0.000,0.299,0.000,,,,,,,,,,,,,,,21.420,26.110,31.770,33.840,37.310,38.000,41.810,41.000,40.230,37.570,38.660,37.480,37.780,,37.580,37.580,0.490,0.163,-0.353,5.493,5.747,5.805,5.607,5.245,5.617,4.330,4.250,5.245,4.343,4.270,,,0.129,2.746,3.433,73.071,96.000,0.200,33.880,14.400,0.425,17.828,0.000,0.000,1.000,0.000,0.000,1.000,0.301,0.000,0.000
SB-105,195,ROL,0_0,0,0,HP,21.000,0.000,0.027,0.000,400.000,0.000,0.000,,0.000,11.248,,0.432,0.503,2.454,0.234,6.551,0.950,0.153,0.456,0.000,,,,,,,,,,,,,,,8.390,9.650,9.730,10.690,9.870,12.700,14.180,14.570,14.810,15.950,15.230,15.550,15.900,,16.040,16.040,0.232,0.233,0.155,2.463,2.623,2.188,3.543,3.205,2.703,1.898,2.273,2.110,2.037,2.140,,,0.039,0.544,2.431,33.915,0.000,0.110,14.710,5.600,0.381,12.818,0.000,0.000,0.000,0.000,0.000,0.000,0.000,*,*
SB-105,196,ROL,1_0,1,0,LP,21.000,0.000,0.240,"12,800.000",0.000,0.000,0.000,,0.000,15.375,0.000,0.288,0.125,3.269,1.001,4.480,0.175,0.004,2.171,0.247,,,,,,,,,,,,,,,8.040,9.300,9.730,9.720,8.940,11.010,12.950,12.040,11.950,12.580,14.170,14.660,14.570,,14.170,14.170,0.186,0.193,0.102,2.523,2.300,1.888,2.640,3.148,2.353,2.175,2.870,3.155,3.000,2.763,,,0.042,0.645,2.964,45.519,9.000,0.120,13.270,5.300,0.399,14.932,0.000,0.000,0.000,0.000,0.000,0.000,0.000,*,*
SB-105,197,ROL,1_1,1,1,LP,9.000,0.000,1.658,"51,200.000",0.000,0.111,0.000,0.000,0.000,,4.859,0.000,0.007,5.239,0.000,2.180,0.000,0.000,0.621,0.000,0.409,0.055,0.142,0.012,0.035,0.048,0.033,0.004,0.000,0.008,0.010,0.002,0.163,0.000,12.810,13.800,11.690,13.480,15.270,14.660,14.500,14.640,13.400,14.130,,,,15.380,,15.380,0.078,0.083,0.073,2.190,3.327,3.120,2.273,2.548,3.863,1.175,2.873,,,,,,0.076,1.054,4.941,68.531,0.000,0.090,13.870,4.800,0.346,8.906,0.000,0.000,0.000,0.000,0.000,0.000,0.000,*,*
SB-105,198,ROL,1_1,1,1,HP,21.000,0.000,1.156,"51,200.000","1,600.000",0.047,0.000,0.000,0.000,6.436,0.000,0.000,0.677,2.676,0.000,0.000,0.885,0.000,0.322,0.000,,,,,,,,,,,,,,,11.550,13.040,12.280,13.280,13.510,14.830,16.720,15.980,16.410,17.790,17.710,18.060,19.210,,18.180,18.180,0.201,0.213,0.122,2.550,3.313,2.803,3.237,3.113,2.237,1.860,2.320,2.030,1.903,2.178,,,0.122,1.079,6.711,59.351,13.000,0.080,15.800,7.500,0.475,23.439,0.000,9.000,5.000,0.000,0.000,14.000,1.176,0.000,0.000
SB-105,199,ROL,0_1,0,1,HP,9.000,0.000,0.199,"3,200.000",0.000,0.001,0.000,0.000,0.000,11.680,0.000,0.022,1.233,5.829,0.000,4.324,0.000,0.000,0.000,0.000,,,,,,,,,,,,,,,9.730,11.380,8.410,8.860,8.180,9.940,14.250,15.320,16.270,17.010,,,,17.170,,17.170,0.225,0.361,0.243,1.578,1.727,1.780,2.883,3.758,2.927,1.995,1.947,,,,,,0.140,1.190,8.154,69.307,0.000,0.040,16.690,5.400,0.324,6.361,0.000,30.000,20.000,0.000,0.000,50.000,1.708,0.000,0.000
SB-105,200,ROL,0_1,0,1,HP,21.000,0.000,0.372,"12,800.000",0.000,0.016,0.000,,0.000,,0.000,0.144,0.885,3.039,0.000,5.971,0.000,0.000,0.738,0.075,,,,,,,,,,,,,,,8.630,10.100,10.650,11.670,13.210,13.100,14.830,15.820,16.760,17.360,17.750,18.420,18.660,,18.360,18.360,0.295,0.291,0.294,2.500,2.833,3.033,2.727,2.678,2.973,2.335,2.183,2.345,2.293,2.130,,,0.103,1.030,5.610,56.100,0.000,0.130,15.920,7.600,0.477,23.745,"6,169.500",36.000,49.000,0.000,0.000,85.000,1.934,125.908,0.000
SB-105,201,ROL,0_1,0,1,LP,21.000,0.000,0.484,"124,000.000",0.000,0.000,0.000,0.000,0.000,8.085,0.000,0.000,0.000,0.569,0.015,4.639,0.449,0.000,0.023,0.000,,,,,,,,,,,,,,,13.970,14.680,15.100,15.630,16.760,14.690,16.820,15.930,15.870,15.560,15.760,16.040,16.330,,17.310,17.310,0.101,0.073,0.041,2.693,3.073,3.103,2.353,3.203,2.580,2.075,2.053,2.263,2.620,2.363,,,0.081,1.103,4.679,63.720,0.000,0.090,14.530,5.500,0.379,12.574,"4,153.500",63.000,77.000,0.000,0.000,140.000,2.149,53.942,0.000
SB-105,202,ROL,1_1,1,1,HP,9.000,0.000,0.551,"248,000.000","1,600.000",0.044,0.115,0.000,0.000,0.000,0.000,0.003,0.000,0.000,0.000,3.768,0.058,0.000,0.000,0.000,,,,,,,,,,,,,,,11.100,11.660,9.960,10.660,13.360,12.970,11.900,13.630,13.720,14.510,,,,15.570,,15.570,0.135,0.213,0.306,2.203,2.770,3.323,2.660,1.778,2.877,1.820,1.913,,,,,,0.098,1.091,6.294,70.071,14.000,0.090,14.080,4.900,0.348,9.125,0.000,1.000,2.000,0.000,0.000,3.000,0.602,0.000,0.000
SB-105,203,ROH,0_1,0,1,HP,21.000,0.000,0.199,"51,200.000",400.000,0.000,0.000,0.000,,0.000,0.000,0.707,,0.161,20.420,0.000,0.000,17.083,19.862,0.006,,,,,,,,,,,,,,,18.410,21.380,27.580,33.280,38.990,38.920,41.030,44.770,48.030,52.380,58.540,58.950,60.280,,61.230,61.230,1.298,1.215,1.683,4.243,6.537,6.513,5.363,5.395,6.450,5.635,5.927,6.160,4.750,4.723,,,,3.595,0.000,58.713,21.000,0.090,55.430,25.700,0.464,22.192,0.000,11.000,17.000,0.000,0.000,28.000,1.462,0.000,0.000
SB-105,204,ROH,1_0,1,0,LP,21.000,0.000,0.146,"51,200.000",0.000,0.051,0.000,,,5.219,0.000,0.223,,0.001,0.000,0.000,8.062,0.000,26.156,0.000,,,,,,,,,,,,,,,17.480,22.010,29.490,33.280,35.480,37.950,42.070,43.250,39.730,42.550,42.460,42.540,42.930,,41.510,41.510,0.728,0.358,-0.047,5.083,5.933,4.850,6.110,5.728,5.480,5.458,6.297,6.058,5.367,4.860,,,0.112,2.342,2.698,56.420,24.000,0.180,36.980,15.900,0.430,18.386,0.000,0.000,0.000,0.000,0.000,0.000,0.000,*,*
SB-105,205,ROH,0_0,0,0,HP,21.000,0.000,0.017,0.000,0.000,0.194,0.000,0.000,,0.000,0.000,0.000,,0.000,0.000,0.000,0.000,0.000,5.153,0.000,,,,,,,,,,,,,,,20.930,24.030,25.390,32.180,36.680,37.360,40.640,44.420,49.970,51.990,54.890,57.330,58.670,,59.270,59.270,1.162,1.178,1.553,3.208,7.000,5.935,5.777,5.095,6.683,6.100,6.223,5.673,4.860,5.050,,,0.127,2.503,2.143,42.230,0.000,0.190,54.940,28.200,0.513,27.801,0.000,0.000,0.000,0.000,0.000,0.000,0.000,*,*
SB-105,206,ROH,1_1,1,1,HP,21.000,0.000,0.268,"51,200.000","1,600.000",0.000,0.000,0.273,,0.000,0.000,0.000,,0.123,0.000,0.000,0.000,0.000,0.000,0.000,,,,,,,,,,,,,,,19.470,21.970,29.910,35.560,35.550,36.910,39.450,43.730,47.450,49.430,54.650,55.970,56.220,,58.620,58.620,1.186,1.003,1.598,5.063,6.487,4.953,5.423,4.745,6.833,5.210,5.707,5.643,5.723,4.283,,,,3.205,0.000,54.674,62.000,0.250,52.790,24.100,0.457,21.387,0.000,0.000,0.000,0.000,0.000,0.000,0.000,*,*
SB-105,207,ROH,0_0,0,0,LP,21.000,0.000,0.040,0.000,400.000,0.000,0.000,,0.000,1.832,0.000,0.000,0.715,0.664,0.003,0.000,0.000,0.326,0.550,0.353,,,,,,,,,,,,,,,20.730,28.510,32.390,38.410,40.090,38.920,43.010,43.980,41.270,42.050,40.470,40.230,37.780,,41.360,41.360,0.625,0.128,-0.138,4.615,7.320,6.270,5.320,5.633,5.853,5.038,5.413,4.745,4.583,3.575,,,0.102,2.246,2.466,54.304,0.000,0.140,37.170,15.800,0.425,17.833,0.000,0.000,0.000,0.000,0.000,0.000,0.000,*,*
SB-105,208,ROH,1_1,1,1,HP,21.000,0.000,0.162,0.000,0.000,0.042,0.000,0.000,0.000,0.000,0.000,0.000,0.000,0.628,0.003,0.903,1.010,0.000,0.057,0.000,,,,,,,,,,,,,,,18.760,21.690,26.380,32.820,35.750,38.990,41.350,42.870,45.480,49.040,53.070,54.300,58.170,,60.450,60.450,1.263,1.201,1.592,4.233,6.430,5.660,5.930,5.000,5.727,4.703,6.140,5.890,5.707,5.623,,,0.148,3.852,2.448,63.722,66.000,0.350,54.260,26.300,0.485,24.571,0.000,0.000,0.000,0.000,0.000,0.000,0.000,*,*
SB-105,209,ROH,0_1,0,1,LP,9.000,0.000,0.038,"1,600.000",400.000,0.093,,,0.000,0.000,0.000,0.000,0.000,0.067,0.081,0.247,0.140,0.000,0.000,0.000,,,,,,,,,,,,,,,20.690,24.450,29.740,35.030,37.300,38.030,39.330,41.800,36.760,42.140,,,,43.170,,43.170,0.681,0.354,0.320,5.005,6.747,5.625,5.553,4.585,6.180,3.838,6.010,,,,,,0.153,2.143,3.544,49.641,0.000,0.120,39.380,15.800,0.401,15.138,0.000,2.000,4.000,0.000,0.000,6.000,0.845,0.000,0.000
SB-105,210,ROH,1_1,1,1,HP,9.000,0.000,0.417,"248,000.000",800.000,0.000,0.000,0.000,0.000,6.701,0.000,0.000,0.000,0.592,0.025,0.959,0.096,0.000,0.000,0.000,,,,,,,,,,,,,,,19.910,22.790,30.400,35.530,36.120,38.170,40.920,45.780,48.150,50.290,,,,52.800,,52.800,0.997,0.751,0.990,5.378,6.467,5.200,5.373,4.730,6.800,5.768,4.960,,,,,,0.204,2.871,3.864,54.375,71.000,0.250,46.890,20.600,0.439,19.444,0.000,0.000,0.000,0.000,0.000,0.000,0.000,*,*
SB-105,214,ROL,1_1,1,1,LP,21.000,0.000,,"124,000.000",0.000,0.032,0.040,0.000,0.000,5.799,0.000,0.000,0.000,0.298,0.021,0.318,0.015,0.000,0.080,0.025,,,,,,,,,,,,,,,7.230,9.130,10.100,12.280,14.480,14.640,16.890,15.760,16.070,16.320,16.170,17.090,17.700,,17.820,17.820,0.321,0.241,0.078,2.195,3.577,3.158,2.773,3.055,2.797,3.220,2.830,2.710,3.183,3.005,,,0.064,1.048,3.591,58.810,0.000,0.080,16.570,6.700,0.404,15.491,0.000,2.000,4.000,0.000,0.000,6.000,0.845,0.000,0.000
SB-105,215,ROL,0_1,0,1,HP,21.000,0.000,0.392,"51,200.000",800.000,0.025,0.000,,0.000,0.000,0.000,0.000,0.000,0.421,0.072,0.400,0.063,0.000,0.000,0.000,,,,,,,,,,,,,,,7.950,10.090,7.510,10.380,10.190,10.610,12.250,14.270,14.820,15.030,15.710,15.750,16.970,,16.630,16.630,0.263,0.272,0.365,1.235,3.823,2.483,2.353,3.240,3.343,1.815,1.947,1.983,1.800,2.138,,,0.082,1.021,4.931,61.395,0.000,0.120,14.940,5.300,0.355,9.887,"5,602.500",20.000,26.000,0.000,0.000,46.000,1.672,215.481,0.000
SB-105,217,ROL,0_1,0,1,LP,9.000,0.000,0.266,"25,600.000",0.000,0.000,0.000,,0.000,,3.482,0.000,0.066,3.876,0.025,2.966,0.121,0.000,0.465,0.000,,,,,,,,,,,,,,,8.670,10.860,7.680,11.370,9.360,12.470,14.320,13.740,13.910,13.860,,,,13.830,,13.830,0.156,0.107,-0.041,1.228,3.757,1.715,3.777,3.663,2.553,2.435,2.600,,,,,,0.081,1.316,5.857,95.155,0.000,0.050,12.180,4.600,0.378,12.477,0.000,43.000,43.000,2.000,8.000,96.000,1.987,0.000,10.417
SB-105,221,ROL,0_1,0,1,LP,21.000,0.000,0.381,"25,600.000",0.000,0.000,0.000,0.000,0.000,0.000,0.000,0.000,0.000,0.445,0.000,0.449,0.050,0.503,0.020,0.000,,,,,,,,,,,,,,,5.280,7.000,5.620,8.620,9.900,10.210,12.690,12.360,12.250,12.780,13.320,13.700,13.380,,14.060,14.060,0.266,0.237,0.114,1.500,3.073,2.320,2.760,3.200,2.593,2.523,2.317,2.453,2.587,2.490,,,0.061,1.112,4.339,79.090,0.000,0.070,11.840,4.600,0.389,13.702,756.000,70.000,60.000,0.000,0.000,130.000,2.117,12.600,0.000
SB-105,222,ROL,1_1,1,1,LP,9.000,0.000,0.376,"1,600.000",0.000,0.000,0.000,0.000,0.000,5.117,0.000,0.000,0.000,0.905,0.053,1.677,0.000,0.000,0.065,0.000,,,,,,,,,,,,,,,6.160,7.330,8.190,10.080,9.400,11.990,14.020,12.850,12.330,13.240,,,,13.100,,13.100,0.210,0.131,-0.077,2.295,3.553,1.803,3.057,3.278,2.460,2.183,2.907,,,,,,0.062,0.839,4.733,64.046,3.000,0.060,11.800,4.700,0.398,14.808,0.000,4.000,2.000,2.000,8.000,16.000,1.230,0.000,62.500
SB-105,223,ROL,0_1,0,1,HP,9.000,0.000,0.325,"3,200.000",0.000,0.005,,0.000,,12.958,3.607,0.000,0.000,2.840,0.000,2.981,0.000,0.000,0.314,0.000,,,,,,,,,,,,,,,5.520,7.270,7.610,8.500,11.040,11.550,12.870,12.950,13.450,14.560,,,,15.030,,15.030,0.288,0.284,0.180,2.125,2.870,2.798,2.727,2.875,2.360,1.965,1.887,,,,,,0.134,1.407,8.916,93.613,0.000,0.080,12.620,4.100,0.325,6.512,0.000,74.000,74.000,1.000,9.000,158.000,2.201,0.000,6.329
SB-105,224,ROL,0_1,0,1,LP,9.000,0.000,0.008,"25,600.000","51,200.000",0.007,0.035,0.000,0.000,10.115,0.000,0.000,0.000,0.306,0.000,1.786,0.000,0.000,0.688,0.000,,,,,,,,,,,,,,,9.840,10.910,11.290,8.570,10.410,13.730,13.500,13.700,13.910,14.670,,,,14.390,,14.390,0.138,0.253,0.074,3.027,1.415,2.550,3.905,3.117,2.588,2.260,2.463,,,,,,0.054,0.677,3.753,47.047,0.000,0.090,13.250,5.600,0.423,17.558,0.000,3.000,1.000,0.000,0.000,4.000,0.699,0.000,0.000
SB-105,225,ROL,1_1,1,1,HP,9.000,0.000,0.376,"248,000.000",0.000,0.011,0.000,,0.000,9.770,0.000,0.000,0.427,2.877,0.000,3.286,0.000,0.000,1.354,0.000,,,,,,,,,,,,,,,9.650,12.050,12.520,14.460,14.080,13.390,13.840,15.680,16.010,17.490,,,,18.010,,18.010,0.253,0.154,0.348,2.863,3.400,2.633,2.903,2.490,2.990,2.237,2.620,,,,,,0.078,0.846,4.331,46.974,16.000,0.050,16.260,6.800,0.418,17.057,0.000,0.000,0.000,0.000,0.000,0.000,0.000,*,*
SB-105,227,ROL,1_1,1,1,HP,21.000,0.000,,0.000,0.000,0.000,,,,,,,,,,,,,,,,,,,,,,,,,,,,,10.310,12.040,13.560,15.290,14.080,12.980,15.730,17.150,17.190,18.170,18.630,19.690,19.750,,20.430,20.430,0.307,0.223,0.392,3.000,3.060,2.690,2.548,3.273,2.833,2.280,2.480,2.173,2.588,2.327,,,0.070,1.063,3.426,52.031,7.000,0.100,18.610,8.000,0.430,18.376,0.000,2.000,2.000,0.000,0.000,4.000,0.699,0.000,0.000
SB-105,228,ROL,0_1,0,1,HP,21.000,0.000,,0.000,0.000,0.000,,,,,,,,,,,,,,,,,,,,,,,,,,,,,9.000,11.240,10.460,9.620,12.370,12.550,13.900,14.240,15.070,15.860,15.970,17.910,17.070,,17.040,17.040,0.244,0.323,0.262,2.093,2.248,3.150,2.648,2.653,2.403,2.193,2.000,1.897,2.300,2.093,,,0.052,0.807,3.052,47.359,0.000,0.040,15.660,5.500,0.351,9.487,0.000,5.000,9.000,0.000,0.000,14.000,1.176,0.000,0.000
SB-105,229,ROL,1_1,1,1,LP,9.000,0.000,0.505,"12,800.000",0.000,0.114,0.000,0.000,1.716,19.922,0.000,0.000,0.240,3.259,0.000,4.641,0.000,0.000,2.261,0.000,,,,,,,,,,,,,,,10.360,13.000,11.290,13.920,14.320,14.860,15.460,16.030,15.400,15.630,,,,16.090,,16.090,0.174,0.094,0.052,2.173,3.075,3.473,2.800,2.750,3.108,2.307,3.098,,,,,,0.063,0.841,3.915,52.268,14.000,0.010,14.370,5.500,0.383,13.050,0.000,0.000,0.000,0.000,0.000,0.000,0.000,*,*
SB-105,231,ROL,1_1,1,1,HP,9.000,0.000,0.563,"25,600.000","6,400.000",0.002,0.000,0.000,0.000,15.310,0.000,0.000,0.401,2.410,0.000,3.286,0.000,0.000,1.746,0.000,,,,,,,,,,,,,,,5.790,8.110,8.940,11.250,12.290,11.590,12.250,13.650,13.800,14.770,,,,15.500,,15.500,0.294,0.185,0.271,2.410,2.618,2.980,2.053,2.353,2.358,1.793,2.053,,,,,,0.084,0.798,5.419,51.484,11.000,0.060,13.890,4.600,0.331,7.223,0.000,0.000,0.000,0.000,2.000,2.000,0.477,*,100.000
SB-105,233,ROL,1_0,1,0,HP,21.000,0.000,,0.000,0.000,0.000,,,,,0.000,,,,,,,,,,,,,,,,,,,,,,,,6.770,8.720,9.380,12.440,13.310,12.050,13.290,13.710,14.660,15.010,15.430,16.070,16.070,,16.810,16.810,0.304,0.190,0.293,2.463,2.975,3.147,2.208,2.643,2.233,2.210,1.993,2.007,2.128,2.020,,,0.053,0.693,3.153,41.225,2.000,0.030,15.260,6.300,0.413,16.451,0.000,0.000,0.000,0.000,0.000,0.000,0.000,*,*
SB-105,234,ROL,0_0,0,0,LP,21.000,0.000,0.005,0.000,0.000,0.000,0.000,0.000,0.000,1.714,0.000,0.000,0.674,0.764,0.215,1.066,1.624,0.036,0.464,0.000,,,,,,,,,,,,,,,7.760,9.950,9.500,10.430,12.010,11.440,11.670,12.240,12.250,12.900,13.100,13.830,14.220,,15.020,15.020,0.220,0.200,0.279,1.937,2.398,3.880,2.183,2.390,2.500,2.277,2.625,2.900,2.480,2.800,,,0.033,0.813,2.197,54.128,0.000,0.120,13.320,5.300,0.398,14.762,0.000,0.000,0.000,0.000,0.000,0.000,0.000,*,*
SB-105,235,ROL,0_1,0,1,HP,9.000,0.000,0.075,0.000,"1,600.000",0.041,,,1.962,7.140,0.000,0.000,0.000,1.643,0.000,1.091,0.000,0.000,0.862,0.000,,,,,,,,,,,,,,,7.640,9.930,10.760,14.030,13.950,14.010,14.950,16.130,16.420,16.960,,,,17.260,,17.260,0.292,0.140,0.193,2.580,3.348,2.900,2.925,2.843,2.760,1.960,1.990,,,,,,0.099,1.005,5.736,58.227,0.000,0.150,15.580,5.400,0.347,8.966,0.000,6.000,6.000,2.000,1.000,15.000,1.204,0.000,20.000
SB-105,236,ROL,1_1,1,1,HP,21.000,0.000,0.682,"3,200.000","6,400.000",0.333,0.000,0.000,0.000,4.472,0.000,0.000,0.261,0.736,0.070,0.719,0.317,0.000,0.725,0.025,,,,,,,,,,,,,,,7.490,9.460,8.830,11.120,11.800,11.660,12.610,13.780,14.550,15.180,15.060,15.420,14.820,,15.570,15.570,0.245,0.193,0.247,2.133,3.118,2.850,2.210,2.720,2.355,1.750,2.145,2.133,2.210,2.003,,,0.082,0.759,5.267,48.748,11.000,0.110,13.960,5.000,0.358,10.273,0.000,3.000,5.000,0.000,0.000,8.000,0.954,0.000,0.000
SB-105,237,ROL,1_1,1,1,LP,9.000,0.358,0.735,"51,200.000",0.000,0.567,0.000,0.000,2.842,14.603,2.615,0.000,0.000,2.024,0.000,1.481,0.000,0.297,1.833,0.264,,,,,,,,,,,,,,,9.500,11.740,11.970,13.890,13.850,12.690,14.990,14.150,14.300,15.160,,,,15.120,,15.120,0.170,0.053,0.011,2.913,3.400,2.983,2.320,3.383,2.593,2.633,2.820,,,,,,0.082,0.964,5.423,63.757,13.000,0.080,13.280,5.200,0.392,14.047,0.000,1.000,2.000,0.000,0.000,3.000,0.602,0.000,0.000
SB-105,238,ROL,0_1,0,1,LP,9.000,0.000,0.369,"6,400.000",0.000,0.082,,0.779,15.732,29.782,12.603,0.000,0.000,1.511,0.000,0.869,0.055,1.844,2.395,1.575,,,,,,,,,,,,,,,9.210,11.620,11.550,11.670,12.150,12.300,13.100,13.110,12.880,12.770,,,,13.220,,13.220,0.122,0.067,0.010,2.333,2.640,2.423,2.540,2.810,2.275,2.147,2.488,,,,,,0.085,0.872,6.430,65.961,0.000,0.070,11.530,4.100,0.356,9.982,0.000,19.000,12.000,0.000,0.000,31.000,1.505,0.000,0.000
SB-105,239,ROL,1_1,1,1,LP,21.000,0.000,,0.000,0.000,0.000,,,0.000,3.397,0.000,0.080,0.421,0.503,0.030,0.901,0.620,0.009,0.789,0.048,,,,,,,,,,,,,,,8.640,10.140,9.950,11.530,12.410,12.940,14.030,13.270,13.100,13.670,14.340,14.320,14.690,,15.250,15.250,0.200,0.162,0.102,2.280,2.980,2.687,2.480,3.007,2.625,2.503,2.730,2.903,2.530,2.753,,,0.075,0.899,4.918,58.951,4.000,0.090,13.650,5.200,0.381,12.848,0.000,27.000,22.000,0.000,0.000,49.000,1.699,0.000,0.000